x,y,z
0,0,0
3.58395,-37.7017,0
2.83821,-34.9372,0
2.1866,-32.4241,0
-1.85843,-33.9711,0
-16.226,-35.3149,0
-16.1638,-36.4717,0
29.2256,1.03965,0
28.2769,1.89299,0
27.4219,2.93797,0
-11.618,-17.0183,0
-5.08954,-17.1327,0
-14.3541,-19.0626,0
-28.2526,11.68,0
-31.142,13.7756,0
-11.5418,12.9481,0
-11.4637,6.84686,0
-11.5697,9.83425,0
1.13049,-17.0707,0
13.2814,-17.3306,0
6.76351,-17.21,0
14.3244,-16.3429,0
8.22141,-16.8338,0
-11.4235,-4.94102,0
-11.5775,-10.91,0
-11.5644,-7.81681,0
-11.6872,-13.678,0
13.5994,-10.8573,0
13.5166,-4.68895,0
-11.3749,0.90505,0
13.7444,-7.32499,0
13.4079,-14.1497,0
13.4571,-8.58134,0
14.2324,-13.0894,0
-11.4217,-2.02393,0
-11.5312,3.91706,0
13.5859,3.88608,0
13.343,1.35664,0
13.5443,-2.01445,0
13.4801,-0.579356,0
13.6479,12.862,0
13.6691,9.72019,0
13.5833,6.78245,0
12.8648,7.8812,0
13.7217,15.7663,0
-11.564,19.0501,0
13.6767,19.0036,0
7.10031,19.1513,0
-4.87137,19.1883,0
-11.5876,15.934,0
1.05342,19.0869,0
31.4576,19.5682,0
27.6699,15.4395,0
24.9061,12.6388,0
28.8022,7.04154,0
31.8171,6.52305,0
30.5049,6.798,0
25.0813,9.54533,0
-17.1215,-32.8209,0
-17.7056,-30.5733,0
-23.8308,-29.0551,0
-19.0326,-29.9043,0
-20.1056,-28.7444,0
-22.453,-29.0122,0
-22.6219,-29.9566,0
-19.6524,-29.4408,0
24.055,11.0712,0
0,0,0
-27.6455,-1.07114,0
-1.37353,-36.5444,0
3.58395,-37.7017,0
2.83821,-34.9372,0
-2.50223,-31.0306,0
2.1866,-32.4241,0
-1.85843,-33.9711,0
-16.0838,-35.3165,0
-16.1638,-36.4717,0
29.2256,1.03965,0
28.2769,1.89299,0
27.4219,2.93797,0
-5.08775,-17.1616,0
-11.5844,-17.0616,0
-28.2526,11.68,0
-31.142,13.7756,0
-11.5183,12.9714,0
-11.466,6.85687,0
-11.5739,9.8682,0
1.12883,-17.1017,0
13.6727,-16.9791,0
7.01356,-17.1731,0
-11.5798,-10.9158,0
-11.4261,-4.94954,0
-11.731,-13.6366,0
-11.5653,-7.8749,0
-11.2071,-14.6755,0
13.6151,-10.8536,0
13.5132,-4.67877,0
-11.3779,0.908052,0
13.7434,-13.7419,0
13.6979,-7.29717,0
13.4814,-8.54996,0
14.0532,-7.3276,0
-11.4597,-1.91215,0
-11.5158,3.41659,0
-11.1975,-2.85272,0
-11.5211,4.38075,0
-11.6286,4.36193,0
13.3366,1.33522,0
13.5845,3.85358,0
13.5395,-2.00016,0
13.4801,-0.579356,0
13.3887,7.05403,0
13.6623,9.65087,0
13.6423,12.8543,0
13.737,15.6311,0
-26.2456,36.5343,0
-11.539,19.0575,0
13.6829,18.982,0
7.19073,19.1111,0
-11.5495,16.3386,0
-11.578,15.4527,0
-4.88544,19.1858,0
1.05225,19.0757,0
-17.2864,-12.3259,0
-11.0918,-33.5039,0
31.4576,19.5682,0
27.6699,15.4395,0
24.1243,24.666,0
24.9061,12.6388,0
28.8022,7.04154,0
31.8171,6.52305,0
30.5049,6.798,0
25.0813,9.54533,0
-21.9771,31.8513,0
-16.5259,-33.8405,0
-17.0643,-33.2304,0
-17.6569,-31.4614,0
-23.8308,-29.0551,0
-19.0326,-29.9043,0
-22.453,-29.0122,0
-19.417,-29.4078,0
24.055,11.0712,0
0,0,0
5.31405,-39.403,0
-27.6455,-1.07114,0
-1.37353,-36.5444,0
3.58395,-37.7017,0
2.83821,-34.9372,0
-2.50223,-31.0306,0
2.1866,-32.4241,0
-1.85843,-33.9711,0
-16.226,-35.3149,0
-16.1638,-36.4717,0
28.2769,1.89299,0
27.4219,2.93797,0
-5.00892,-17.167,0
-11.5722,-17.0682,0
-14.3541,-19.0626,0
-31.142,13.7756,0
-11.5014,12.982,0
-11.4609,6.8447,0
-11.5697,9.85253,0
1.13247,-17.1012,0
13.6755,-16.9787,0
6.98052,-17.2037,0
-11.5788,-10.9172,0
-11.4276,-4.94756,0
-11.7033,-13.7067,0
-11.5565,-8.31522,0
-11.6145,-7.2746,0
-11.4898,-7.46674,0
-11.5085,-7.5408,0
13.616,-10.8623,0
13.5135,-4.69799,0
-11.3735,0.90699,0
13.7866,-13.6511,0
13.6699,-7.69342,0
13.3139,-14.6649,0
-11.5064,3.40437,0
-11.4326,-2.07713,0
-11.5593,4.3232,0
13.5694,3.91683,0
13.3355,1.3372,0
13.5362,-2.04127,0
13.4801,-0.579356,0
13.6023,-1.48296,0
13.6353,12.8555,0
13.648,9.67726,0
13.3937,7.0452,0
13.7151,15.6865,0
-26.2456,36.5343,0
-11.5413,19.0618,0
13.6798,18.9814,0
7.13671,19.1145,0
-11.5477,15.4328,0
-11.5942,16.2575,0
-4.81612,19.1927,0
1.06154,19.0707,0
-17.2864,-12.3259,0
-8.05109,-27.8923,0
-7.00687,-26.5753,0
-11.0918,-33.5039,0
29.1118,21.7545,0
27.6699,15.4395,0
31.4576,19.5682,0
-26.673,22.2643,0
24.1243,24.666,0
25.0813,9.54533,0
28.8022,7.04154,0
30.5049,6.798,0
24.8539,12.7702,0
-21.9771,31.8513,0
-16.5259,-33.8405,0
-17.3449,-32.4386,0
-17.7056,-30.5733,0
-23.8308,-29.0551,0
-19.0326,-29.9043,0
-20.1056,-28.7444,0
-22.453,-29.0122,0
-22.6219,-29.9566,0
-19.6524,-29.4408,0
24.055,11.0712,0
0,0,0
5.31405,-39.403,0
-27.6455,-1.07114,0
3.58395,-37.7017,0
2.83821,-34.9372,0
-1.38558,-36.5244,0
-2.50223,-31.0306,0
2.1866,-32.4241,0
-1.85843,-33.9711,0
-16.0838,-35.3165,0
-16.1638,-36.4717,0
29.2256,1.03965,0
27.4219,2.93797,0
-5.11849,-17.1635,0
-11.5722,-17.0671,0
-28.2526,11.68,0
-11.5189,12.96,0
-11.4605,6.84796,0
-11.5592,9.90494,0
-11.641,9.23534,0
1.12181,-17.1004,0
13.6714,-16.9837,0
6.89804,-17.2138,0
8.22141,-16.8338,0
-11.5738,-10.9212,0
-11.4327,-4.93585,0
-11.6692,-13.716,0
-11.4441,-14.5381,0
-11.5751,-7.81099,0
13.6152,-10.8629,0
13.5121,-4.70432,0
-11.3756,0.888778,0
13.7519,-13.7332,0
13.7558,-7.29982,0
13.4571,-8.58134,0
13.6724,-4.91334,0
-11.5255,3.86622,0
-11.426,-1.99938,0
13.5886,3.89148,0
13.3375,1.33131,0
13.5452,-1.95528,0
13.4644,-0.558603,0
13.6368,12.8521,0
13.6577,9.6408,0
13.6029,10.326,0
13.3911,7.04679,0
13.7265,15.6399,0
13.3441,13.2992,0
-26.2456,36.5343,0
-11.558,19.0547,0
-11.4524,19.0568,0
13.6835,18.9818,0
7.12542,19.1125,0
-11.5656,15.9046,0
-4.92398,19.1862,0
1.06254,19.0727,0
-8.05109,-27.8923,0
-7.00687,-26.5753,0
-11.0918,-33.5039,0
27.6699,15.4395,0
28.6325,23.09,0
31.4576,19.5682,0
-26.673,22.2643,0
24.1243,24.666,0
25.0813,9.54533,0
28.8022,7.04154,0
30.5049,6.798,0
31.8171,6.52305,0
24.9061,12.6388,0
13.2616,29.3003,0
-16.4087,-33.8878,0
-17.3165,-32.6349,0
-17.61,-31.6284,0
-17.7056,-30.5733,0
-19.0326,-29.9043,0
-22.283,-29.0933,0
-19.8858,-29.4729,0
24.055,11.0712,0
0,0,0
5.31405,-39.403,0
-27.6455,-1.07114,0
-1.37353,-36.5444,0
3.58395,-37.7017,0
2.83821,-34.9372,0
-2.50223,-31.0306,0
2.1866,-32.4241,0
-1.85843,-33.9711,0
-16.226,-35.3149,0
-16.1638,-36.4717,0
29.2256,1.03965,0
28.2769,1.89299,0
-5.02167,-17.1674,0
-11.5722,-17.0682,0
-14.3541,-19.0626,0
-28.2526,11.68,0
-31.142,13.7756,0
-11.5266,12.9614,0
-11.4608,6.84903,0
-11.5697,9.83425,0
1.13247,-17.1012,0
13.6755,-16.9787,0
7.03038,-17.1758,0
-11.5752,-10.9211,0
-11.4261,-4.94954,0
-11.6547,-13.7448,0
-11.5621,-7.83194,0
13.6179,-10.8587,0
13.5121,-4.69576,0
-11.3747,0.905423,0
13.7493,-13.7312,0
13.7434,-7.34938,0
13.5316,-8.46725,0
13.3166,-8.76324,0
-11.5291,3.88942,0
-11.4263,-2.04957,0
13.5899,3.84459,0
13.3372,1.32341,0
13.2664,4.41354,0
13.551,-2.00489,0
13.4801,-0.579356,0
13.632,12.856,0
13.6515,9.69168,0
13.3985,7.02855,0
13.7067,15.7055,0
-26.2456,36.5343,0
-11.5385,19.0611,0
13.6708,18.9884,0
7.13671,19.1145,0
-11.5634,15.9177,0
-4.88544,19.1858,0
1.06254,19.0727,0
-17.2864,-12.3259,0
-8.05109,-27.8923,0
-11.0918,-33.5039,0
29.1118,21.7545,0
27.6699,15.4395,0
29.8239,20.2465,0
31.4576,19.5682,0
-26.673,22.2643,0
24.1243,24.666,0
25.0813,9.54533,0
28.892,6.96037,0
30.5049,6.798,0
31.8171,6.52305,0
24.9061,12.6388,0
13.2616,29.3003,0
-21.9771,31.8513,0
-17.1215,-32.8209,0
-17.7056,-30.5733,0
-23.8308,-29.0551,0
-19.0326,-29.9043,0
-20.1056,-28.7444,0
-22.453,-29.0122,0
-22.6219,-29.9566,0
-19.6524,-29.4408,0
24.055,11.0712,0
0,0,0
5.31405,-39.403,0
-27.6455,-1.07114,0
-1.37353,-36.5444,0
2.83821,-34.9372,0
-2.50223,-31.0306,0
2.1866,-32.4241,0
-1.85843,-33.9711,0
-16.226,-35.3149,0
29.2256,1.03965,0
28.2769,1.89299,0
27.4219,2.93797,0
-5.01871,-17.1729,0
-11.5591,-17.0838,0
-11.4907,-17.0005,0
-14.3541,-19.0626,0
-28.2526,11.68,0
-31.142,13.7756,0
-11.5659,9.80274,0
-11.524,12.9662,0
-11.4592,6.8518,0
1.13247,-17.1012,0
13.6773,-16.973,0
6.83741,-17.2608,0
8.22141,-16.8338,0
7.29933,-16.8427,0
-11.5861,-10.916,0
-11.4133,-4.97208,0
-11.6069,-7.74626,0
-11.6646,-13.7246,0
-11.8141,-7.90984,0
-11.2013,-8.78951,0
-11.2517,-7.77331,0
-11.6588,-7.70496,0
-11.5746,-7.211,0
-11.2835,-8.72413,0
13.6152,-10.8629,0
13.5135,-4.69799,0
-11.3785,0.891982,0
13.6355,-13.9665,0
13.6096,-7.94463,0
14.2423,-12.7256,0
13.861,-6.68798,0
-11.5383,4.36248,0
-11.5202,3.46344,0
-11.407,-2.04269,0
-11.5697,4.4152,0
-11.5183,-2.55867,0
-11.4969,-1.49112,0
13.3774,1.79464,0
13.5439,-1.95247,0
13.4801,-0.579356,0
13.6327,12.859,0
13.6515,9.69168,0
13.3906,7.04154,0
13.7129,15.7269,0
-26.2456,36.5343,0
-11.5385,19.0611,0
13.6796,18.9821,0
7.13671,19.1145,0
-11.5599,15.9392,0
-4.84813,19.1868,0
1.06254,19.0727,0
-17.2864,-12.3259,0
-8.05109,-27.8923,0
-7.00687,-26.5753,0
-11.0918,-33.5039,0
29.1118,21.7545,0
27.6699,15.4395,0
28.6325,23.09,0
29.8239,20.2465,0
31.4576,19.5682,0
-26.673,22.2643,0
24.1243,24.666,0
25.0813,9.54533,0
28.8022,7.04154,0
30.5049,6.798,0
31.8171,6.52305,0
24.9061,12.6388,0
13.2616,29.3003,0
-21.9771,31.8513,0
-17.2799,-32.5838,0
-17.7056,-30.5733,0
-19.0326,-29.9043,0
-20.1056,-28.7444,0
-22.6219,-29.9566,0
-19.6524,-29.4408,0
24.055,11.0712,0
0,0,0
5.31405,-39.403,0
-27.6455,-1.07114,0
-1.37353,-36.5444,0
3.58395,-37.7017,0
2.83821,-34.9372,0
-2.50223,-31.0306,0
2.1866,-32.4241,0
-1.85843,-33.9711,0
-16.3869,-35.3552,0
-16.1638,-36.4717,0
29.2256,1.03965,0
28.2769,1.89299,0
27.4219,2.93797,0
-5.05624,-17.171,0
-11.5741,-17.0681,0
-14.3541,-19.0626,0
-28.2526,11.68,0
-31.142,13.7756,0
-11.5635,9.84257,0
-11.5266,12.9614,0
-11.4609,6.84903,0
1.12592,-17.102,0
13.6823,-16.9732,0
7.02709,-17.1845,0
-11.578,-10.9204,0
-11.4233,-4.95219,0
-11.5859,-7.80688,0
-11.6646,-13.7543,0
13.6198,-10.8517,0
13.5141,-4.6994,0
-11.3765,0.907438,0
13.6029,-13.977,0
13.7202,-7.36895,0
13.4814,-8.54996,0
14.1648,-12.8983,0
-11.532,3.93477,0
-11.4379,-2.0302,0
13.4301,4.42089,0
13.3342,1.3337,0
13.6044,3.67673,0
13.5452,-1.95528,0
13.4837,-0.6316,0
13.5469,-0.495481,0
13.6222,12.8614,0
13.6412,9.75586,0
13.385,7.04615,0
13.6917,15.767,0
13.8419,8.94258,0
-26.2456,36.5343,0
-11.5385,19.0611,0
13.6745,18.986,0
7.13671,19.1145,0
-11.5613,15.929,0
-4.90872,19.1841,0
1.06254,19.0727,0
-17.2864,-12.3259,0
-8.05109,-27.8923,0
-7.00687,-26.5753,0
-11.0918,-33.5039,0
29.1118,21.7545,0
27.7906,15.3238,0
29.8239,20.2465,0
31.4576,19.5682,0
-26.673,22.2643,0
24.1243,24.666,0
25.0813,9.54533,0
28.8022,7.04154,0
30.5049,6.798,0
31.8171,6.52305,0
24.9061,12.6388,0
13.2616,29.3003,0
-21.9771,31.8513,0
-16.6128,-33.7322,0
-17.5132,-31.9635,0
-17.7056,-30.5733,0
-23.8308,-29.0551,0
-20.1056,-28.7444,0
-22.453,-29.0122,0
-22.6219,-29.9566,0
-19.6524,-29.4408,0
24.055,11.0712,0
0,0,0
5.31405,-39.403,0
-1.37353,-36.5444,0
3.58395,-37.7017,0
2.83821,-34.9372,0
-2.50223,-31.0306,0
2.1866,-32.4241,0
-1.85843,-33.9711,0
28.2769,1.89299,0
-5.18378,-17.1768,0
-11.5472,-17.0936,0
-12.0746,-16.8804,0
-11.5861,9.40058,0
-11.5942,10.3208,0
-11.5025,6.85095,0
-11.5589,12.9625,0
-11.5253,6.6178,0
1.11709,-17.1268,0
-4.02452,-17.3803,0
13.6818,-16.9839,0
6.87525,-17.257,0
8.0721,-16.9324,0
13.5161,-17.232,0
7.28066,-16.8545,0
13.653,-17.2788,0
-11.7093,-13.8092,0
-11.5776,-10.9526,0
-11.4274,-4.93941,0
-11.5537,-7.80416,0
-11.6925,-13.0352,0
-11.8575,-7.73926,0
13.6137,-10.8943,0
13.5137,-4.7214,0
-11.3961,0.89111,0
13.6098,-13.5585,0
13.3691,-14.655,0
13.5458,-14.3806,0
13.7442,-7.38889,0
13.5028,-8.52558,0
14.2324,-13.0894,0
13.8602,-6.49819,0
13.3327,-13.884,0
-11.4591,-2.00088,0
-11.5589,3.87633,0
13.5835,3.89665,0
13.5569,-4.89245,0
13.35,1.32954,0
13.5471,-1.96496,0
13.4419,-0.563287,0
13.6223,12.8748,0
13.6285,9.87614,0
13.5131,9.4122,0
13.3993,7.02973,0
13.6808,9.11824,0
13.734,9.23089,0
13.7197,15.6495,0
13.5092,12.7545,0
-11.5736,19.0592,0
-11.3215,19.113,0
-11.1766,19.2698,0
7.14552,19.1175,0
13.6739,18.992,0
6.41395,19.2236,0
-5.01974,19.1878,0
-11.5487,15.8884,0
-11.8157,16.0988,0
1.06646,19.0745,0
0.756005,19.1405,0
-17.2864,-12.3259,0
-8.05109,-27.8923,0
-7.00687,-26.5753,0
-11.0918,-33.5039,0
29.1118,21.7545,0
27.6699,15.4395,0
28.6325,23.09,0
29.8239,20.2465,0
31.4576,19.5682,0
-26.673,22.2643,0
24.1243,24.666,0
25.0813,9.54533,0
28.8022,7.04154,0
30.5049,6.798,0
13.2616,29.3003,0
-16.8164,-33.5763,0
-17.4674,-32.13,0
-17.7056,-30.5733,0
-23.8308,-29.0551,0
-19.0326,-29.9043,0
-20.1056,-28.7444,0
-22.6226,-28.9312,0
-22.6219,-29.9566,0
-19.6524,-29.4408,0
24.055,11.0712,0
0,0,0
3.58395,-37.7017,0
2.83821,-34.9372,0
-2.50223,-31.0306,0
2.1866,-32.4241,0
-16.0838,-35.3165,0
1.47863,-4.69532,0
29.2256,1.03965,0
28.2769,1.89299,0
-11.5587,-17.0936,0
-4.98899,-17.1992,0
-11.5131,-17.3973,0
-11.51,6.79082,0
-11.548,12.9846,0
-11.5999,9.88687,0
1.12428,-17.1648,0
0.965051,-16.6439,0
13.6559,-17.0387,0
6.914,-17.2353,0
8.27357,-16.8024,0
13.859,-17.0467,0
-11.5352,-11.0432,0
-11.4293,-5.13896,0
-11.5582,-7.89826,0
-12.0365,-10.2881,0
-11.6222,-13.7978,0
-12.1179,-13.8549,0
-11.1417,-13.7458,0
13.6072,-10.9296,0
13.5238,-4.91855,0
13.8264,-6.83785,0
13.5967,-7.94705,0
13.7206,-13.7062,0
-11.4637,-0.0916329,0
-11.5898,3.84971,0
13.4037,-8.65982,0
14.434,-13.1691,0
13.4415,-14.6018,0
13.6371,-14.0758,0
-11.3725,2.51202,0
13.4275,1.08848,0
13.2874,0.70222,0
13.5427,-1.86164,0
13.6009,3.91825,0
13.4679,-0.788372,0
13.3976,3.66604,0
13.6413,12.8128,0
13.4843,6.86808,0
13.6631,9.65015,0
13.6665,15.7954,0
14.0245,14.7295,0
13.6413,13.5242,0
13.4287,10.6444,0
-26.2456,36.5343,0
-11.6226,15.9898,0
-11.5657,19.1425,0
-4.9788,19.2655,0
13.6638,18.9661,0
7.04725,19.2329,0
-11.448,19.7633,0
1.02759,19.1183,0
-8.05109,-27.8923,0
-11.0918,-33.5039,0
29.1118,21.7545,0
27.6699,15.4395,0
28.6325,23.09,0
29.8239,20.2465,0
31.4576,19.5682,0
-26.673,22.2643,0
24.1243,24.666,0
25.0813,9.54533,0
28.8022,7.04154,0
30.5049,6.798,0
31.8171,6.52305,0
25.0169,12.5366,0
13.2616,29.3003,0
-21.9771,31.8513,0
-16.6431,-33.7932,0
-17.1276,-33.0815,0
-17.5621,-31.7957,0
-17.7056,-30.5733,0
-19.417,-29.4078,0
24.055,11.0712,0
0,0,0
-17.1491,-32.8667,0
-17.7056,-30.5733,0
-23.8308,-29.0551,0
-19.0326,-29.9043,0
-22.453,-29.0122,0
-22.6219,-29.9566,0
-19.8858,-29.4729,0
-21.9771,31.8513,0
24.1243,24.666,0
-26.673,22.2643,0
28.994,21.9704,0
27.6255,15.597,0
28.6325,23.09,0
-8.05109,-27.8923,0
-7.00687,-26.5753,0
-11.0918,-33.5039,0
1.069,19.1755,0
-4.99768,19.4368,0
-17.2864,-12.3259,0
-11.6328,-17.1209,0
13.4948,0.595569,0
13.682,-2.72911,0
12.9836,0.0433152,0
13.5939,3.90126,0
13.5337,-5.49582,0
13.6672,19.0126,0
7.05436,19.2528,0
13.6815,15.7297,0
13.4936,16.6038,0
13.4989,18.9823,0
1.06254,-17.1798,0
-11.6321,16.0393,0
-11.5577,19.24,0
-26.2456,36.5343,0
-11.5243,6.81904,0
-11.5615,13.0358,0
-11.6127,9.91617,0
-11.483,-5.21248,0
-11.4822,-0.0485168,0
-11.5906,3.8598,0
-11.3725,2.51202,0
13.4882,-11.1088,0
13.6697,-13.8646,0
13.7315,-8.25111,0
13.5149,-17.1751,0
-11.5456,-11.1365,0
-11.5641,-7.91965,0
-11.6433,-13.7854,0
-11.8426,-7.11933,0
6.87611,-17.2581,0
8.22141,-16.8338,0
-28.2526,11.68,0
-31.142,13.7756,0
-10.5846,-18.3353,0
-14.3541,-19.0626,0
-4.97608,-17.1935,0
-16.3869,-35.3552,0
-16.1638,-36.4717,0
5.10363,-37.2487,0
-1.37353,-36.5444,0
3.58395,-37.7017,0
2.83821,-34.9372,0
-27.6455,-1.07114,0
5.31405,-39.403,0
24.055,11.0712,0
24.9061,12.6388,0
25.0813,9.54533,0
28.8022,7.04154,0
30.5049,6.798,0
31.8171,6.52305,0
28.2769,1.89299,0
27.4219,2.93797,0
1.29032,-4.77079,0
-3.71316,19.6156,0
13.6645,12.8338,0
14.5221,12.9628,0
13.5497,6.80232,0
13.67,9.62646,0
13.4867,12.7181,0
-2.50223,-31.0306,0
-1.85843,-33.9711,0
0,0,0
-17.2045,-32.7095,0
-17.7056,-30.5733,0
-23.8308,-29.0551,0
-19.0326,-29.9043,0
-20.1056,-28.7444,0
-22.453,-29.0122,0
-22.6219,-29.9566,0
-19.6524,-29.4408,0
-21.9771,31.8513,0
13.2616,29.3003,0
24.1243,24.666,0
-26.673,22.2643,0
29.1118,21.7545,0
27.6699,15.4395,0
28.6325,23.09,0
29.8239,20.2465,0
31.4576,19.5682,0
-8.05109,-27.8923,0
-7.00687,-26.5753,0
-11.0918,-33.5039,0
1.05959,19.1763,0
-4.97986,19.4455,0
-17.2864,-12.3259,0
-11.6611,-17.3172,0
13.4993,0.542212,0
13.6244,3.91034,0
13.5342,-5.18665,0
13.4728,2.62505,0
13.6535,19.0604,0
7.04947,19.2685,0
13.6678,15.7806,0
0.963801,-17.3639,0
-11.5556,19.2459,0
-11.6501,16.022,0
-26.2456,36.5343,0
-11.5543,13.0378,0
-11.5328,6.80807,0
-11.6193,9.89435,0
-11.5238,-0.165753,0
-11.6015,3.89489,0
-11.5695,-5.97622,0
-11.3725,2.51202,0
13.5542,-8.15932,0
13.4818,-11.166,0
13.6116,-14.0586,0
13.4984,-17.2756,0
-11.6234,-11.9248,0
-11.735,-9.36529,0
-11.7109,-14.616,0
-11.2277,-12.2739,0
6.9171,-17.4005,0
8.37072,-16.7353,0
13.9588,-17.5072,0
-28.2526,11.68,0
-31.142,13.7756,0
-5.10389,-17.3948,0
-14.3541,-19.0626,0
-16.226,-35.3149,0
-16.1638,-36.4717,0
-1.37353,-36.5444,0
3.58395,-37.7017,0
2.83821,-34.9372,0
5.10363,-37.2487,0
-27.6455,-1.07114,0
5.31405,-39.403,0
13.66,-7.33723,0
-4.14771,-16.9881,0
24.055,11.0712,0
24.9061,12.6388,0
25.0813,9.54533,0
28.8022,7.04154,0
30.5049,6.798,0
31.8171,6.52305,0
29.2256,1.03965,0
28.2769,1.89299,0
27.4219,2.93797,0
1.29032,-4.77079,0
13.545,6.84424,0
13.6662,12.877,0
13.6602,9.71821,0
13.7154,-4.58144,0
13.645,1.61543,0
13.422,3.562,0
13.4328,4.57927,0
13.5488,-2.36856,0
13.6937,3.94306,0
-2.50223,-31.0306,0
2.1866,-32.4241,0
-1.85843,-33.9711,0
-11.3444,16.4232,0
0,0,0
-16.9383,-33.2682,0
-17.61,-31.6284,0
-23.8308,-29.0551,0
-19.0326,-29.9043,0
-20.1056,-28.7444,0
-22.6226,-28.9312,0
-19.8858,-29.4729,0
-21.9771,31.8513,0
13.2616,29.3003,0
24.1243,24.666,0
-26.673,22.2643,0
29.1118,21.7545,0
28.6325,23.09,0
29.8239,20.2465,0
31.4576,19.5682,0
-8.05109,-27.8923,0
-7.00687,-26.5753,0
-11.0918,-33.5039,0
1.03315,19.1839,0
-4.99727,19.4166,0
-11.6915,-17.4171,0
-5.10514,-17.5122,0
13.4983,0.620482,0
13.535,-5.60617,0
13.5882,3.90082,0
13.6363,19.0839,0
7.06127,19.2416,0
13.6619,15.7461,0
13.6333,19.02,0
0.952636,-17.4204,0
-11.5511,19.2429,0
-11.6477,16.0281,0
-28.7549,39.7073,0
-26.2456,36.5343,0
-11.5178,6.9607,0
-11.5552,13.0565,0
-11.6082,9.90626,0
-11.5199,0.0192154,0
-11.5397,-5.25145,0
-11.5999,3.88462,0
-11.3164,-1.88121,0
13.483,-11.1672,0
13.458,-10.4178,0
13.6197,-13.9954,0
13.9488,-11.1593,0
13.4932,-17.3231,0
-11.6199,-12.1385,0
-11.6856,-8.14953,0
-11.7282,-8.11644,0
-10.4039,-6.56453,0
-12.1265,-12.9396,0
-11.865,-6.87825,0
6.93194,-17.4728,0
-28.2526,11.68,0
-11.9341,-15.1327,0
-16.3869,-35.3552,0
-16.1638,-36.4717,0
-1.37353,-36.5444,0
3.58395,-37.7017,0
2.83821,-34.9372,0
5.10363,-37.2487,0
-27.6455,-1.07114,0
5.31405,-39.403,0
13.4901,-7.77932,0
13.676,-8.20906,0
13.3836,-14.7949,0
-4.13453,-16.9233,0
24.055,11.0712,0
24.8539,12.7702,0
25.0813,9.54533,0
28.8022,7.04154,0
30.5049,6.798,0
31.8171,6.52305,0
-11.611,8.88726,0
-11.0955,5.77001,0
29.2256,1.03965,0
28.2769,1.89299,0
27.4219,2.93797,0
1.41513,-4.74488,0
2.21337,19.4732,0
-3.71316,19.6156,0
13.6235,12.9553,0
13.5143,6.94635,0
13.6471,9.69893,0
13.5552,-3.95165,0
13.6571,-4.85191,0
-2.50223,-31.0306,0
2.1866,-32.4241,0
-1.85843,-33.9711,0
-11.3444,16.4232,0
0,0,0
-16.4087,-33.8878,0
-17.0541,-33.2144,0
-17.4674,-32.13,0
-17.7056,-30.5733,0
-23.8308,-29.0551,0
-19.0326,-29.9043,0
-20.1056,-28.7444,0
-22.453,-29.0122,0
-22.6219,-29.9566,0
-19.6524,-29.4408,0
-21.9771,31.8513,0
13.2616,29.3003,0
-26.673,22.2643,0
29.1118,21.7545,0
27.6699,15.4395,0
29.8239,20.2465,0
31.4576,19.5682,0
-8.05109,-27.8923,0
-7.00687,-26.5753,0
1.06046,19.1888,0
-4.98873,19.403,0
-17.2864,-12.3259,0
-11.7284,-17.4417,0
-5.13242,-17.5567,0
13.4874,-5.03473,0
13.4849,0.640573,0
13.6939,-1.76925,0
13.2009,-0.120447,0
13.5972,4.00573,0
10.1216,22.0861,0
13.6523,19.0822,0
7.04632,19.2419,0
13.6495,15.8352,0
12.4872,20.0654,0
10.9605,21.4819,0
11.697,20.7308,0
13.4028,15.7444,0
0.881772,-17.4809,0
-11.5362,19.2003,0
-11.6316,15.9786,0
-12.195,19.0152,0
-28.7549,39.7073,0
-26.2456,36.5343,0
-11.5232,7.48143,0
-11.5406,13.0768,0
-12.1605,13.0806,0
-11.5766,-6.06018,0
-11.5264,-0.0103593,0
-11.598,3.86676,0
-11.8484,-2.86422,0
-11.7882,-3.52576,0
13.4479,-11.1898,0
13.5962,-7.92671,0
13.46,-14.2537,0
13.4652,-17.3719,0
6.92482,-17.4778,0
-11.6923,-12.0553,0
-12.2972,-9.23857,0
-11.4906,-12.0026,0
-11.7013,-11.2777,0
-11.1809,-14.6893,0
-11.4107,-14.67,0
-11.9228,-12.9782,0
-11.9372,-11.3076,0
-11.3876,-12.0264,0
6.37895,-18.9113,0
-28.2526,11.68,0
-31.142,13.7756,0
-16.226,-35.3149,0
-16.1638,-36.4717,0
-1.37353,-36.5444,0
3.58395,-37.7017,0
2.83821,-34.9372,0
5.10363,-37.2487,0
-27.6455,-1.07114,0
5.31405,-39.403,0
13.4419,-8.91356,0
13.9221,-11.507,0
13.7564,-14.2151,0
14.1644,-13.6709,0
14.3123,-12.6809,0
13.956,-6.52636,0
14.0673,-12.8375,0
14.0532,-7.3276,0
24.055,11.0712,0
24.9061,12.6388,0
25.0813,9.54533,0
28.8022,7.04154,0
31.8171,6.52305,0
-11.0575,12.835,0
29.2256,1.03965,0
27.4219,2.93797,0
1.47863,-4.69532,0
-3.71316,19.6156,0
13.5724,13.035,0
13.4861,7.00834,0
13.6474,9.70619,0
13.6888,6.15921,0
13.7034,12.7749,0
13.8895,14.6896,0
13.7075,-2.05477,0
13.5263,3.45235,0
13.4679,-0.788372,0
13.458,3.43094,0
13.3902,4.64015,0
-2.50223,-31.0306,0
2.1866,-32.4241,0
-1.85843,-33.9711,0
-11.7503,17.1289,0
-11.8574,19.9677,0
0,0,0
-17.1215,-32.8209,0
-17.7056,-30.5733,0
-23.8308,-29.0551,0
-19.0326,-29.9043,0
-20.1056,-28.7444,0
-22.6219,-29.9566,0
-22.283,-29.0933,0
-19.6524,-29.4408,0
-21.9771,31.8513,0
24.1243,24.666,0
14.8354,18.0443,0
-26.673,22.2643,0
28.6325,23.09,0
-7.00687,-26.5753,0
-11.0918,-33.5039,0
1.04551,19.1853,0
-4.97669,19.4294,0
-17.2864,-12.3259,0
-11.7881,-17.4276,0
-5.20187,-17.5912,0
13.4844,0.596229,0
13.5277,-5.59442,0
13.5123,2.56697,0
13.6139,-1.77339,0
13.5935,3.95201,0
10.1216,22.0861,0
13.6283,19.095,0
7.06019,19.2313,0
13.6784,15.7246,0
13.922,14.8262,0
10.9605,21.4819,0
7.3865,19.7621,0
13.5339,16.5936,0
11.697,20.7308,0
0.882585,-17.4815,0
-11.5538,19.2392,0
-11.5786,13.8344,0
-28.7549,39.7073,0
-26.2456,36.5343,0
-11.5426,7.00402,0
-12.0402,13.1089,0
-11.6095,9.83674,0
-11.5537,0.796756,0
-11.9345,-2.98519,0
-11.5505,-5.25898,0
-11.2976,-2.14034,0
-11.5699,-2.2331,0
-11.5183,-2.55867,0
-12.3232,-5.08257,0
13.4516,-11.177,0
13.543,-14.21,0
13.4555,-17.3925,0
6.91692,-17.485,0
-11.7834,-8.20319,0
-11.7063,-12.1479,0
-11.445,-11.8282,0
-11.4955,-12.2616,0
-11.8038,-12.0758,0
-10.6417,-6.51751,0
-11.1516,-7.79763,0
-11.652,-10.5204,0
-11.5479,-8.31646,0
-11.307,-5.17276,0
-11.8939,-5.50195,0
-11.9333,-11.5242,0
-12.1784,-5.31716,0
6.30107,-18.9425,0
13.2834,-17.2894,0
13.3453,-15.2923,0
8.37072,-16.7353,0
-11.479,4.28838,0
-11.471,3.30714,0
-28.2526,11.68,0
-11.1055,-17.305,0
-11.37,-17.2056,0
-11.6204,-17.5014,0
-10.8529,-18.0357,0
-10.5636,-18.4845,0
-1.37353,-36.5444,0
3.58395,-37.7017,0
2.83821,-34.9372,0
5.10363,-37.2487,0
13.3166,-8.76324,0
14.2744,-12.5424,0
14.0834,-11.3315,0
-3.8817,-17.3348,0
-4.67786,-17.3099,0
24.0525,11.2166,0
28.8022,7.04154,0
30.5049,6.798,0
-11.7342,12.157,0
-11.2943,11.9946,0
-11.576,6.84107,0
29.2256,1.03965,0
28.2769,1.89299,0
1.36639,-4.75685,0
13.6286,9.68618,0
13.4778,7.06799,0
13.4766,9.2547,0
13.5864,12.9894,0
13.4948,9.54333,0
13.6523,10.2587,0
13.2357,13.707,0
13.1306,13.9283,0
13.6327,9.94467,0
14.5221,12.9628,0
13.7057,-0.497303,0
13.5373,4.20511,0
13.7222,4.07078,0
-2.50223,-31.0306,0
2.1866,-32.4241,0
-1.85843,-33.9711,0
0,0,0
-16.8697,-33.4068,0
-17.4674,-32.13,0
-17.6569,-31.4614,0
-17.7056,-30.5733,0
-23.8308,-29.0551,0
-19.0326,-29.9043,0
-20.1056,-28.7444,0
-22.453,-29.0122,0
-22.6219,-29.9566,0
-19.6524,-29.4408,0
-21.9771,31.8513,0
-13.5913,-36.5333,0
14.8354,18.0443,0
-26.673,22.2643,0
29.8239,20.2465,0
31.4576,19.5682,0
29.2386,21.5449,0
13.5152,-17.364,0
-8.05109,-27.8923,0
-7.00687,-26.5753,0
0.763076,19.2448,0
-5.0271,19.3329,0
-17.2864,-12.3259,0
-11.7597,-17.4259,0
-5.13272,-17.5308,0
13.4984,1.15981,0
13.537,-5.62727,0
13.4824,19.2616,0
6.95036,19.3066,0
10.1216,22.0861,0
13.4443,13.2234,0
13.6472,15.7561,0
13.1027,19.1995,0
10.9605,21.4819,0
13.5515,16.3432,0
5.11934,18.8378,0
0.931865,-17.4407,0
-11.8074,19.2279,0
-9.71925,18.9975,0
-11.608,19.2722,0
-11.6845,13.9511,0
-11.1328,19.5546,0
-28.7549,39.7073,0
-26.2456,36.5343,0
-11.6009,9.83041,0
-11.6502,7.11202,0
-11.1924,5.78232,0
-11.5807,6.59076,0
-12.519,12.361,0
-15.9643,4.87037,0
-11.5499,0.666212,0
-11.5566,-5.90454,0
-9.19866,1.31528,0
-8.65528,1.57076,0
-10.4418,0.79748,0
-12.1557,2.93488,0
-10.613,-4.97017,0
-11.4152,4.6166,0
-11.2037,4.09684,0
-11.5889,0.234759,0
-12.2524,0.52251,0
-11.818,3.74989,0
-10.1347,1.43162,0
-11.3546,1.77064,0
-11.4002,1.10999,0
13.4897,-11.192,0
13.5569,-14.1477,0
6.91081,-17.478,0
-11.6775,-12.0223,0
-11.9152,-13.387,0
-12.3013,-10.3912,0
-12.2972,-9.23857,0
-10.4034,-6.56166,0
-12.1265,-12.9396,0
-11.5063,-10.5087,0
-11.1578,-5.72744,0
-11.5902,-5.2462,0
6.37895,-18.9113,0
-9.82692,-4.30188,0
-28.2526,11.68,0
-11.1436,-17.1479,0
-14.3541,-19.0626,0
-16.226,-35.3149,0
-16.1638,-36.4717,0
-1.28617,-36.498,0
3.58395,-37.7017,0
2.83821,-34.9372,0
5.10363,-37.2487,0
-27.6455,-1.07114,0
5.31405,-39.403,0
3.59732,-16.9354,0
-0.21586,-18.8257,0
25.0813,9.54533,0
28.8022,7.04154,0
30.5049,6.798,0
31.8171,6.52305,0
25.0169,12.5366,0
-11.5247,10.5511,0
-11.2295,9.41813,0
-11.487,13.6892,0
-11.6444,13.5687,0
-11.7244,10.1395,0
-11.6671,6.06485,0
-11.4691,6.69002,0
-11.6664,12.6983,0
-11.1431,7.30447,0
1.29032,-4.77079,0
13.4867,7.68904,0
12.737,9.81817,0
12.8644,9.02414,0
12.5695,0.820401,0
13.761,3.86563,0
13.3551,4.76665,0
13.6936,-0.605607,0
-2.50223,-31.0306,0
2.1866,-32.4241,0
-1.85843,-33.9711,0
-8.57821,19.0173,0
-11.5922,18.758,0
-11.8822,15.6998,0
-10.8366,18.9937,0
-11.0946,18.8453,0
0,0,0
-17.3664,-32.4668,0
-17.6569,-31.4614,0
-17.7056,-30.5733,0
-19.0326,-29.9043,0
-20.1056,-28.7444,0
-22.6219,-29.9566,0
-19.417,-29.4078,0
24.1243,24.666,0
14.8354,18.0443,0
28.994,21.9704,0
27.6699,15.4395,0
28.6325,23.09,0
31.4576,19.5682,0
13.5355,-17.3435,0
-7.00687,-26.5753,0
-11.0918,-33.5039,0
-15.8116,4.91172,0
0.775353,19.258,0
-5.00701,19.3678,0
-11.7372,-17.383,0
-11.0407,-17.2887,0
-5.15436,-17.5445,0
13.4856,0.545555,0
13.5201,-5.00462,0
13.5977,3.79554,0
13.6821,4.26728,0
13.4864,19.2178,0
7.03092,19.2605,0
13.7373,19.6567,0
13.6007,18.8577,0
10.1216,22.0861,0
13.4493,13.24,0
12.7166,15.615,0
13.5962,15.8486,0
12.7136,20.1125,0
11.9076,20.7029,0
13.6786,16.4987,0
5.82283,19.4366,0
13.0594,19.8254,0
13.6367,19.0273,0
12.8425,19.9635,0
10.9605,21.4819,0
14.0443,14.9472,0
5.09987,19.0012,0
13.5339,15.6123,0
1.02743,-17.4546,0
1.05523,-16.8324,0
-11.6756,19.1952,0
-6.31458,18.8345,0
-9.53797,18.9963,0
-11.6575,13.8679,0
-26.2456,36.5343,0
-11.5741,7.69047,0
-12.1806,7.64319,0
-12.519,12.361,0
-11.5233,1.04848,0
-11.4871,-5.11911,0
-8.84666,1.47686,0
-9.52431,-4.89673,0
-9.03471,-4.62631,0
-11.277,-2.76038,0
-11.5242,-1.47486,0
-13.2929,-4.40589,0
-11.5069,2.03707,0
13.5128,-11.1874,0
13.5844,-7.91886,0
13.5103,-14.2867,0
13.7391,-5.64266,0
6.95062,-17.4905,0
13.3878,-17.2871,0
13.3041,-17.1872,0
-11.6647,-11.2461,0
-11.6757,-8.14235,0
-11.7298,-14.1867,0
-11.7724,-12.6202,0
-11.5452,-5.57599,0
-12.1208,-7.73444,0
-13.0257,-10.2702,0
-11.8565,-14.298,0
-11.442,-14.583,0
-11.4895,-13.7643,0
-12.1607,-13.8045,0
-11.4315,-13.6159,0
-10.1455,-10.8216,0
-9.63151,-11.0342,0
-11.8756,-5.56393,0
-11.6837,-12.4082,0
-11.9966,-5.90518,0
13.6325,-16.936,0
13.3635,-18.2835,0
13.4436,-17.0831,0
13.0365,-18.3617,0
13.6661,-17.5393,0
13.2689,-17.6777,0
6.25288,-17.2674,0
13.4074,-14.9084,0
-28.2526,11.68,0
-12.0425,-18.6213,0
-11.9346,-18.8991,0
-12.078,-18.1628,0
-5.74608,-18.1305,0
-11.6985,-17.4913,0
-4.97319,-17.2994,0
-12.3953,-16.4854,0
-5.79139,-17.1442,0
-11.8369,-16.9969,0
-5.43906,-17.4951,0
-4.87867,-16.9382,0
-11.8054,-18.2062,0
-1.37353,-36.5444,0
3.58395,-37.7017,0
-27.6455,-1.07114,0
5.31405,-39.403,0
13.8344,-5.52065,0
13.6888,-8.50323,0
13.154,-14.6109,0
13.2258,-14.0151,0
13.1322,-11.8423,0
13.3391,-5.29487,0
13.66,-7.33723,0
13.4482,-13.7753,0
14.3456,-12.4954,0
13.9064,-6.65936,0
14.0757,-12.855,0
14.0532,-7.3276,0
14.434,-13.1691,0
14.2134,-13.7518,0
13.0274,-5.4615,0
14.063,-5.00244,0
0.818699,-18.0018,0
-4.72183,-17.6663,0
1.13369,-16.7284,0
0.305431,-17.2019,0
-0.786066,-17.222,0
-0.471103,-16.9587,0
25.0813,9.54533,0
28.892,6.96037,0
30.5049,6.798,0
31.8171,6.52305,0
-11.9544,10.4786,0
-11.9786,9.49039,0
-11.669,6.30254,0
-11.3145,5.54122,0
-11.0955,5.77001,0
-11.6877,10.5931,0
-11.2446,13.2214,0
29.2256,1.03965,0
1.47863,-4.69532,0
1.10201,-4.84627,0
0.165528,20.9491,0
13.4383,7.72324,0
13.2883,10.0025,0
13.3958,10.5844,0
13.2598,8.56317,0
13.9386,9.7125,0
13.8903,8.82786,0
13.5284,9.68041,0
12.8788,8.01426,0
13.2948,13.8675,0
13.2943,13.33,0
13.7022,6.26164,0
13.9368,12.3145,0
13.9657,12.8637,0
13.5598,4.47466,0
13.153,3.07509,0
13.5499,4.40994,0
13.5846,1.51034,0
13.2669,1.13215,0
13.3277,1.08049,0
13.5259,0.183479,0
13.5042,-4.29217,0
13.4591,3.1023,0
13.3549,0.78322,0
13.9262,-4.63516,0
13.6267,3.2915,0
-2.50223,-31.0306,0
2.1866,-32.4241,0
-8.59233,19.0987,0
-11.3702,16.6423,0
-13.0611,18.2929,0
-11.7101,16.6905,0
-11.7373,18.8934,0
-5.5575,19.7476,0
0,0,0
-19.212,-29.9501,0
-16.9006,-33.4047,0
-16.8169,-33.5766,0
-23.8308,-29.0551,0
-20.1056,-28.7444,0
-22.453,-29.0122,0
-22.6219,-29.9566,0
-19.417,-29.4078,0
14.8354,18.0443,0
-26.673,22.2643,0
27.7906,15.3238,0
28.6325,23.09,0
29.2386,21.5449,0
13.5499,-17.3059,0
-8.05109,-27.8923,0
-7.00687,-26.5753,0
-15.5348,4.89924,0
0.720343,19.4332,0
-4.99065,19.4139,0
-11.6002,-17.5055,0
-10.8984,-17.3401,0
-5.18214,-17.5265,0
-11.987,-17.3078,0
-11.5683,-17.5257,0
-12.7721,-16.9681,0
13.4779,0.769978,0
13.53,-5.71442,0
13.2596,2.44407,0
13.7253,-3.98588,0
13.6394,3.74856,0
12.637,2.42853,0
13.4602,-0.625358,0
13.6421,-1.44747,0
13.2856,3.4263,0
12.9173,0.445568,0
13.6315,-2.62877,0
13.4501,-4.62923,0
13.5165,-4.18532,0
13.0768,-4.08506,0
12.4043,2.08534,0
13.3183,19.4806,0
13.3555,13.5282,0
11.36,14.7938,0
13.4449,19.4199,0
12.9727,19.8745,0
13.0369,19.7761,0
7.08565,19.2731,0
14.221,18.6181,0
13.6165,18.776,0
13.5882,18.7195,0
10.2365,21.6992,0
12.5553,20.3695,0
11.0756,20.6071,0
13.6306,16.4132,0
12.6894,15.5406,0
5.89844,19.6892,0
13.5087,15.4462,0
13.797,14.8975,0
14.1405,18.9641,0
13.5815,15.594,0
6.21504,19.9655,0
14.2022,18.4053,0
13.6775,15.5565,0
13.3664,19.5702,0
14.1249,18.6099,0
5.11934,18.8378,0
13.9667,14.8362,0
1.02662,-17.4693,0
-4.15262,-17.7348,0
-4.55085,-17.3801,0
0.523116,-17.114,0
-10.9256,15.2697,0
-11.7026,19.3399,0
-10.0774,19.1168,0
-6.36094,18.9326,0
-11.6387,13.9558,0
-12.9224,18.314,0
-28.7549,39.7073,0
-11.5363,7.68816,0
-7.97343,7.76672,0
-11.1205,13.4555,0
-12.6337,12.4761,0
-11.4502,1.19133,0
-11.4146,-5.07931,0
-9.88509,-4.70397,0
-12.0483,1.48783,0
-11.9207,-3.80973,0
-11.7459,-3.26156,0
-11.6093,-2.43712,0
-11.5148,-1.4945,0
-12.4921,-4.24971,0
-12.3779,-4.54643,0
-12.9638,-4.22316,0
-12.1189,-4.5874,0
-9.86371,-4.44425,0
-11.6267,-2.26522,0
-11.5843,-4.50834,0
-11.8998,-0.876517,0
-11.9246,-2.03478,0
13.4884,-11.1771,0
13.5898,-14.1146,0
14.1273,-5.40102,0
13.2728,-14.0441,0
6.93439,-17.4369,0
-11.6803,-8.13984,0
-11.6271,-11.8017,0
-10.8104,-11.9756,0
-10.9701,-5.58978,0
-11.0731,-11.4473,0
-11.8911,-5.25198,0
-11.9647,-12.2606,0
-12.0191,-6.99962,0
-13.1938,-10.3684,0
-12.2556,-10.3721,0
-11.4318,-6.22928,0
-11.8834,-14.2569,0
-11.3907,-6.00387,0
-10.3491,-5.34632,0
-12.2908,-10.9391,0
-10.2826,-12.5315,0
-11.956,-14.5952,0
-11.6806,-5.8633,0
-11.6457,-14.1498,0
-11.2484,-5.19055,0
-10.6008,-6.30617,0
-11.4544,-13.7183,0
-10.2825,-6.70494,0
-11.4702,-10.8698,0
-11.358,-5.73727,0
-11.3822,-14.2293,0
-11.1606,-5.84385,0
-12.0409,-11.7988,0
-12.4549,-5.35989,0
-12.3953,-5.15439,0
-11.8188,-11.7526,0
-11.951,-8.85091,0
-11.6837,-12.4082,0
13.5085,-18.1027,0
13.1561,-15.0562,0
12.6905,-18.9865,0
6.37895,-18.9113,0
13.4078,-17.8652,0
6.64633,-18.2703,0
6.48281,-17.2548,0
13.0969,-18.1816,0
7.3991,-17.9379,0
-11.1681,-4.34796,0
-12.3938,-17.6657,0
-12.8304,-18.2131,0
-12.253,-18.6663,0
-5.24602,-17.5082,0
-13.3128,-16.5254,0
-11.9679,-16.8742,0
-12.0346,-16.9813,0
-12.3237,-16.5663,0
-9.45881,-19.1693,0
-11.8441,-14.9958,0
-12.0942,-16.7145,0
-11.6564,-15.2283,0
-16.226,-35.3149,0
-1.37353,-36.5444,0
2.83821,-34.9372,0
3.58395,-37.7017,0
5.10363,-37.2487,0
-27.6455,-1.07114,0
5.31405,-39.403,0
13.2503,-13.7815,0
13.4087,-11.8007,0
13.2148,-5.8646,0
13.4469,-5.74948,0
13.3943,-5.25933,0
14.3864,-12.3885,0
13.4838,-11.6182,0
13.7912,-7.1456,0
-0.0966945,-17.2387,0
-0.576833,-17.0157,0
1.9234,-16.9575,0
-3.82497,-17.2974,0
2.1815,-18.4251,0
1.52227,-16.9211,0
24.0597,10.7794,0
24.0504,11.363,0
25.0813,9.54533,0
30.5049,6.798,0
28.7707,7.13677,0
31.8171,6.52305,0
-11.2255,13.7958,0
-11.3699,14.0477,0
-11.9116,10.3598,0
-9.60532,12.685,0
-9.10288,13.1668,0
-12.4992,13.7878,0
-11.684,9.7528,0
1.41513,-4.74488,0
0.247367,19.7141,0
-3.71316,19.6156,0
1.46603,18.1938,0
-0.865358,19.3317,0
13.3651,7.70129,0
13.3226,8.62686,0
13.156,7.91646,0
11.7658,9.05877,0
12.2426,8.23318,0
12.6512,8.01645,0
13.3684,4.5895,0
11.8058,8.54701,0
12.3657,7.77537,0
13.0778,6.96475,0
13.8195,7.53327,0
13.4547,9.45937,0
13.4916,6.5061,0
13.8721,9.87008,0
13.3854,13.3538,0
13.6793,9.28315,0
13.7437,12.0252,0
13.8074,5.94125,0
13.9178,12.2151,0
13.8467,6.51532,0
13.5126,9.60832,0
14.0302,12.6862,0
13.9368,12.3145,0
13.1132,13.5551,0
13.4978,12.1757,0
13.3713,-2.63498,0
13.3801,-4.82981,0
13.4611,4.52459,0
13.4629,3.06899,0
13.3914,3.83011,0
13.3139,1.16694,0
13.2209,0.470907,0
13.569,0.716132,0
13.7679,-0.0302513,0
13.755,-3.97768,0
13.2818,-1.51678,0
-2.50223,-31.0306,0
-1.85843,-33.9711,0
-10.8897,21.1599,0
-8.41406,18.9329,0
-11.7507,18.6662,0
-10.5393,21.997,0
-11.3517,19.164,0
11.5746,8.77574,0
0,0,0
-19.212,-29.9501,0
19.7156,-30.5896,0
-16.6416,-33.6846,0
-17.4122,-32.3002,0
-17.7056,-30.5733,0
-23.8308,-29.0551,0
-20.1056,-28.7444,0
-22.453,-29.0122,0
-19.6524,-29.4408,0
-21.9771,31.8513,0
-13.5913,-36.5333,0
-26.673,22.2643,0
29.5438,-16.3994,0
28.994,21.9704,0
27.6255,15.597,0
29.8239,20.2465,0
13.5452,-17.3563,0
-8.05109,-27.8923,0
-11.0918,-33.5039,0
0.649273,19.4711,0
-5.01115,19.4059,0
-11.7122,-17.4663,0
-12.1587,-16.6993,0
-5.13729,-17.5461,0
13.4888,0.601845,0
13.5424,-5.58309,0
13.5653,3.91723,0
12.9984,2.78787,0
13.7188,4.33632,0
12.3618,2.4381,0
13.2795,19.5729,0
13.1651,13.9272,0
7.00311,19.2937,0
13.0448,15.2951,0
13.3981,18.7446,0
10.7925,21.0477,0
6.63122,19.0219,0
12.8219,21.521,0
13.6824,19.0521,0
13.5781,15.211,0
5.11934,18.8378,0
2.95108,-16.924,0
1.00946,-17.4664,0
-11.4791,19.4169,0
-11.5644,13.9119,0
-6.30744,18.8738,0
-11.8467,18.8016,0
-28.7549,39.7073,0
-26.2456,36.5343,0
-11.5966,7.73418,0
-7.97343,7.76672,0
-12.8154,13.7429,0
-12.519,12.361,0
-15.8204,4.77113,0
-11.5135,-5.11396,0
-11.4256,1.63345,0
-11.4526,3.51414,0
-11.244,-2.80251,0
13.5337,-14.1463,0
13.5042,-11.1969,0
13.8858,-11.5009,0
13.6462,-6.53759,0
6.91624,-17.4841,0
-11.6444,-12.0155,0
-11.5482,-7.35678,0
-11.884,-7.10441,0
6.37895,-18.9113,0
13.48,-17.6424,0
13.683,-17.8121,0
13.7269,-17.5199,0
13.1504,-17.2653,0
25.63,-35.9876,0
30.1107,-37.0336,0
29.5065,-36.6788,0
26.5759,-35.9229,0
27.9375,-36.4599,0
-28.2526,11.68,0
-31.142,13.7756,0
-9.83813,-18.7034,0
-4.96022,-18.3869,0
-14.3541,-19.0626,0
-16.0838,-35.3165,0
-16.1638,-36.4717,0
-1.37353,-36.5444,0
2.83821,-34.9372,0
3.58395,-37.7017,0
5.10363,-37.2487,0
-27.6455,-1.07114,0
5.31405,-39.403,0
14.1169,-13.6609,0
13.9246,-6.68238,0
2.21506,-18.566,0
24.055,11.0712,0
24.8539,12.7702,0
25.0813,9.54533,0
28.8022,7.04154,0
31.8171,6.52305,0
-9.75293,6.85043,0
-11.922,9.41477,0
-11.4282,6.77987,0
-11.7148,9.29946,0
29.2256,1.03965,0
27.4219,2.93797,0
1.41513,-4.74488,0
-3.71316,19.6156,0
13.3228,7.80867,0
11.7666,9.1605,0
13.2883,10.0025,0
13.2513,8.86099,0
12.6505,6.86653,0
13.9922,11.9452,0
13.6938,13.4526,0
13.7022,6.26164,0
14.5487,6.87152,0
12.8297,9.14336,0
13.3085,3.78734,0
14.2734,2.35029,0
13.5701,4.46844,0
13.7222,4.07078,0
-3.68003,-31.9295,0
2.1866,-32.4241,0
-1.85843,-33.9711,0
-10.861,21.1101,0
-11.7191,18.6542,0
-11.8674,15.7831,0
-11.9419,15.4696,0
0,0,0
-28.3063,1.91975,0
17.9376,32.5968,0
13.4423,-0.412859,0
13.2013,13.9336,0
13.7779,13.4166,0
-4.05548,14.2489,0
21.7975,1.94714,0
-11.566,13.9016,0
-5.15953,19.3175,0
-11.4096,16.5051,0
-11.6964,19.4067,0
-10.9107,17.7757,0
-12.0091,19.4837,0
-11.518,20.4558,0
-11.8341,19.7217,0
-11.6735,20.86,0
-9.17242,18.9543,0
-11.8643,16.4762,0
-7.50655,19.0848,0
-11.5179,15.3842,0
-11.1387,19.086,0
-10.9432,19.0919,0
-5.02924,33.6179,0
-4.11217,33.0783,0
4.59471,29.0944,0
0.80826,-31.7474,0
2.1866,-32.4241,0
13.331,-2.09457,0
13.3427,-1.5793,0
13.7238,3.58149,0
13.5601,4.07181,0
13.4567,4.56483,0
13.8237,-0.968145,0
12.7165,12.1157,0
13.5391,11.3374,0
12.9153,7.30315,0
13.4756,8.4048,0
13.0038,14.2339,0
13.3007,10.7857,0
13.3036,13.4558,0
13.6278,9.15889,0
13.3775,13.3595,0
13.8535,6.00532,0
14.0767,13.4287,0
13.3448,13.2695,0
12.8295,9.42733,0
0.534033,19.5621,0
-3.71316,19.6156,0
5.09987,19.0012,0
1.20016,17.4532,0
1.29032,-4.77079,0
29.2256,1.03965,0
-11.5576,-1.98975,0
-13.5391,10.351,0
-13.8524,10.8081,0
-13.7881,6.43618,0
-11.9554,12.7748,0
-11.2984,9.52932,0
-10.6839,7.12129,0
-11.2427,12.439,0
-11.7342,12.157,0
-11.4405,5.99976,0
-11.5737,10.2571,0
-7.97343,7.76672,0
-11.0916,13.2671,0
-12.8025,7.79457,0
-14.5298,4.45618,0
25.0813,9.54533,0
28.744,7.02747,0
30.5049,6.798,0
24.9061,12.6388,0
23.1633,10.0991,0
24.0597,10.7794,0
24.0504,11.363,0
21.582,10.4231,0
-26.1556,-14.342,0
1.06353,-17.298,0
1.90249,-15.2484,0
0.661784,-19.0341,0
-5.13644,-17.5648,0
0.262013,-18.1403,0
4.17807,-17.0873,0
-0.166527,-17.7516,0
-0.336611,-17.8867,0
13.6592,-14.1385,0
7.88993,-14.2354,0
13.1093,-12.8123,0
13.5643,-12.7328,0
13.9853,-5.62216,0
11.7312,-8.79705,0
13.0091,-5.13754,0
5.10363,-37.2487,0
-9.63281,-11.026,0
-12.5963,-11.4744,0
-12.2444,-5.55322,0
-24.8356,4.82288,0
-28.2455,1.12367,0
-27.6455,-1.07114,0
-1.37353,-36.5444,0
3.58395,-37.7017,0
-16.226,-35.3149,0
-16.1638,-36.4717,0
-11.6937,-17.4575,0
-9.5159,-19.0859,0
-10.1537,-18.3128,0
-12.2552,-18.3708,0
-12.1769,-18.8334,0
-11.6704,-15.4432,0
-5.64801,-17.2355,0
-11.8766,-16.6343,0
-12.1488,-17.225,0
-24.9761,6.79636,0
-24.9425,5.83763,0
-31.142,13.7756,0
-28.2526,11.68,0
-11.6769,-1.28109,0
-11.2775,2.43166,0
-11.2452,-4.3363,0
30.1107,-37.0336,0
27.9375,-36.4599,0
-15.3597,-1.15515,0
13.5448,-17.398,0
6.91585,-17.4634,0
14.6682,-17.0892,0
6.37895,-18.9113,0
13.7738,-16.8755,0
13.3568,-17.0613,0
12.3552,-18.4408,0
-13.7626,-8.90692,0
-11.6505,-9.84176,0
-11.9647,-12.2606,0
-11.8557,-12.2399,0
-11.4355,-13.4784,0
-11.1516,-7.79763,0
-11.4246,-11.5937,0
-31.8983,-25.0298,0
13.7859,-14.2495,0
-14.4073,1.72931,0
-13.939,-2.33963,0
-11.9434,4.82749,0
-12.0033,4.4804,0
-9.08239,1.55648,0
-11.644,1.00804,0
-11.3894,0.53025,0
-11.3307,1.93257,0
-11.8364,-2.23651,0
-28.2012,36.8967,0
-26.5446,37.4977,0
-28.7549,39.7073,0
-28.0176,37.5398,0
-26.2456,36.5343,0
12.3719,18.3509,0
13.7086,17.3543,0
13.3168,19.4882,0
7.02613,19.2514,0
12.8646,20.8408,0
5.96272,19.9195,0
5.82283,19.4366,0
10.8645,21.0087,0
10.0039,21.9455,0
6.6155,19.4625,0
12.8639,21.1005,0
13.0843,19.4613,0
12.9047,21.4806,0
13.5366,15.6066,0
13.345,18.8544,0
11.2664,20.3512,0
14.8354,18.0443,0
13.03,15.7701,0
12.7591,15.8516,0
13.0991,-0.00655246,0
-29.0951,-21.1649,0
-30.8426,-15.7385,0
-31.4996,-19.8246,0
-31.0137,-16.3218,0
-17.9524,14.851,0
-17.9013,14.3418,0
-21.514,10.5292,0
-21.4876,9.49712,0
-21.7921,11.8049,0
-11.0918,-33.5039,0
-7.00687,-26.5753,0
-8.05109,-27.8923,0
-20.8222,16.1247,0
28.6325,23.09,0
17.4542,35.699,0
29.5438,-16.3994,0
-25.1175,20.5571,0
-26.673,22.2643,0
15.6938,-12.1663,0
16.8337,-12.576,0
16.2636,-12.3673,0
-14.4545,-36.3284,0
-13.5913,-36.5333,0
13.2616,29.3003,0
-21.9771,31.8513,0
-17.1572,28.782,0
-23.1575,29.8173,0
-16.7108,-33.5977,0
-17.5132,-31.9635,0
-17.7056,-30.5733,0
-23.8308,-29.0551,0
-19.212,-29.9501,0
-20.1056,-28.7444,0
-22.6219,-29.9566,0
-22.283,-29.0933,0
-19.417,-29.4078,0
0,0,0
-24.9852,7.05188,0
-28.6551,-4.60458,0
-31.447,-1.12518,0
-28.3063,1.91975,0
17.9622,32.4876,0
-27.1269,-10.7139,0
-28.6759,-15.6707,0
-26.1759,-14.3795,0
13.4115,1.39265,0
12.5969,9.53204,0
12.9147,14.3499,0
14.1844,13.5767,0
-3.98042,14.246,0
-11.5698,-1.61574,0
-5.14294,19.351,0
-11.4928,19.3937,0
-10.3172,20.3188,0
-6.30219,18.8926,0
-4.94946,33.6236,0
-4.24065,33.0748,0
4.59471,29.0944,0
0.80826,-31.7474,0
-3.68003,-31.9295,0
-2.50223,-31.0306,0
2.1866,-32.4241,0
13.9034,-0.653084,0
13.2881,13.5916,0
14.1784,7.90945,0
12.1439,13.8513,0
14.0334,14.7921,0
12.726,9.95291,0
0.661259,19.4366,0
-1.91848,20.4076,0
-0.625839,20.3896,0
2.13613,19.4245,0
-3.71316,19.6156,0
5.11934,18.8378,0
1.40038,-4.78248,0
-13.6218,10.4714,0
-13.6795,7.38263,0
-13.7881,6.43618,0
-9.49374,12.8079,0
-11.3888,7.15249,0
-7.97343,7.76672,0
-11.7575,6.3366,0
-12.3229,9.21159,0
-11.7299,8.54482,0
-14.348,4.41587,0
25.0813,9.54533,0
28.8022,7.04154,0
30.5049,6.798,0
31.8171,6.52305,0
24.9061,12.6388,0
23.1633,10.0991,0
24.055,11.0712,0
21.7624,10.3546,0
-27.9243,-7.39829,0
-30.6193,-13.973,0
1.06598,-17.2857,0
-5.14391,-17.5511,0
2.21506,-18.566,0
13.8175,-5.91975,0
8.05729,-14.1733,0
13.9128,-11.6272,0
11.7312,-8.79705,0
5.10363,-37.2487,0
5.31405,-39.403,0
-14.1617,-14.4894,0
-29.4418,-0.595798,0
-24.8356,4.82288,0
-29.1912,-1.66604,0
-27.6455,-1.07114,0
-28.2817,1.18505,0
-1.37353,-36.5444,0
2.83821,-34.9372,0
3.58395,-37.7017,0
-18.1633,-34.323,0
-16.3313,-36.6165,0
-16.1503,-37.6,0
-16.226,-35.3149,0
-13.2152,-15.4329,0
-14.3541,-19.0626,0
-24.9754,5.9496,0
-31.142,13.7756,0
-10.3278,4.80818,0
25.63,-35.9876,0
30.1107,-37.0336,0
29.3589,-36.6711,0
26.5759,-35.9229,0
27.9375,-36.4599,0
-15.2272,-1.19028,0
13.5355,-17.4061,0
6.92443,-17.4771,0
6.4087,-18.8419,0
-14.2877,-8.36503,0
-11.492,-10.8573,0
-31.8983,-25.0298,0
-14.0438,-2.26183,0
-15.8204,4.77113,0
-28.0932,37.2792,0
-26.5479,37.4869,0
-28.7549,39.7073,0
-26.2456,36.5343,0
12.3282,18.251,0
13.6447,17.4194,0
13.7906,17.2864,0
13.3548,19.4649,0
6.96945,19.291,0
12.6528,20.2235,0
10.7103,21.0619,0
13.1453,19.5578,0
10.9605,21.4819,0
12.7619,18.9726,0
12.8775,15.8401,0
-31.3435,-18.211,0
-29.0848,-21.137,0
-27.1291,-23.4308,0
-25.7274,-20.549,0
-30.8633,-15.8242,0
-31.5083,-19.8632,0
-30.5797,-17.7357,0
-28.2682,-23.3877,0
-17.1869,-10.4818,0
-20.2123,-11.801,0
-23.2015,-12.7282,0
-17.2864,-12.3259,0
-21.3291,8.98269,0
-21.5991,10.8147,0
-17.9033,14.4601,0
-21.7921,11.8049,0
-11.0918,-33.5039,0
-8.18756,-25.1681,0
-7.00687,-26.5753,0
-8.05109,-27.8923,0
19.7156,-30.5896,0
-17.9274,15.1298,0
-20.847,16.081,0
-18.0572,15.9623,0
27.6255,15.597,0
29.8239,20.2465,0
31.4576,19.5682,0
17.4542,35.699,0
-25.1175,20.5571,0
-26.673,22.2643,0
16.4074,-12.4156,0
24.1243,24.666,0
-14.4545,-36.3284,0
-14.3403,-39.5669,0
-13.5913,-36.5333,0
13.2616,29.3003,0
-21.9771,31.8513,0
-17.1572,28.782,0
-23.1575,29.8173,0
-21.6256,-27.0321,0
-17.6618,-32.6753,0
-19.6524,-29.4408,0
-20.1056,-28.7444,0
-16.8169,-33.5766,0
-22.6219,-29.9566,0
-17.0255,-33.2594,0
-22.453,-29.0122,0
-19.212,-29.9501,0
-17.7056,-30.5733,0
-23.8308,-29.0551,0
-16.4087,-33.8878,0
-30.7993,-26.0586,0
-24.9303,-28.2227,0
-4.39022,-15.0403,0
0,0,0
-14.4545,-36.3284,0
-14.3755,-39.5368,0
-13.5913,-36.5333,0
-23.2007,-12.7306,0
-17.9178,14.6065,0
-20.8222,16.1247,0
13.5353,-17.4041,0
-11.0918,-33.5039,0
-8.18756,-25.1681,0
-7.00687,-26.5753,0
-8.05109,-27.8923,0
0.596417,19.5138,0
-5.06499,19.3689,0
1.1873,17.5192,0
-11.475,19.3752,0
-11.5634,-1.46865,0
-7.28625,18.4018,0
-28.1527,37.0768,0
-26.4463,37.8181,0
-26.643,37.1773,0
-28.7549,39.7073,0
-27.956,37.834,0
-26.2456,36.5343,0
-11.1855,8.52549,0
-7.97343,7.76672,0
-12.6337,12.4761,0
-12.4506,-6.5251,0
-14.1573,-8.49796,0
-14.1617,-14.4894,0
-12.182,-9.28266,0
25.63,-35.9876,0
30.1107,-37.0336,0
29.3589,-36.6711,0
26.5759,-35.9229,0
27.9375,-36.4599,0
-5.13731,-17.5575,0
-14.3541,-19.0626,0
18.1261,31.7382,0
17.6271,34.3071,0
17.9993,31.7118,0
-1.37353,-36.5444,0
3.58395,-37.7017,0
5.10363,-37.2487,0
5.31405,-39.403,0
15.6131,-12.1058,0
16.6928,-12.5153,0
-31.8965,-25.1238,0
1.05858,-17.2942,0
25.0813,9.54533,0
28.7707,7.13677,0
24.9061,12.6388,0
23.3663,10.1408,0
24.0544,11.0696,0
21.6652,10.4006,0
14.8354,18.0443,0
0.80826,-31.7474,0
-3.68003,-31.9295,0
-2.50223,-31.0306,0
2.1866,-32.4241,0
-1.85843,-33.9711,0
17.4542,35.699,0
-17.7694,-33.1687,0
-16.3313,-36.6165,0
-16.1503,-37.6,0
-16.226,-35.3149,0
-21.6517,-27.0811,0
-19.6524,-29.4408,0
-20.1056,-28.7444,0
-16.9122,-33.4043,0
-22.6219,-29.9566,0
-22.453,-29.0122,0
-17.7056,-30.5733,0
-23.8308,-29.0551,0
-19.417,-29.9891,0
-16.4087,-33.8878,0
-28.6258,-15.7713,0
-27.1291,-23.4308,0
-29.0848,-21.137,0
-28.2682,-23.3877,0
-30.8629,-15.8215,0
-31.5083,-19.8632,0
-25.6569,-20.4989,0
-21.9771,31.8513,0
-17.1572,28.782,0
-23.1575,29.8173,0
21.7975,1.94714,0
-5.02924,33.6179,0
-24.9303,-28.2227,0
29.1118,21.7545,0
27.6255,15.597,0
29.8239,20.2465,0
31.4576,19.5682,0
-14.5871,4.43853,0
-14.3111,-2.00881,0
-11.0789,2.24231,0
5.13608,29.0525,0
-4.15365,33.077,0
4.16273,29.1897,0
-3.98042,14.246,0
13.3134,19.4758,0
13.6499,17.4551,0
13.1865,13.7918,0
7.0015,19.2787,0
12.9084,21.3981,0
13.6881,14.9567,0
10.7067,21.1413,0
5.89844,19.6892,0
13.8277,19.3717,0
11.0811,15.0097,0
13.4388,1.35377,0
13.2089,-0.623303,0
13.6135,10.8161,0
12.6473,11.6675,0
-13.5877,10.4171,0
-13.831,6.47502,0
-10.8074,21.4959,0
-11.6183,19.8591,0
-12.5253,20.3606,0
-3.71316,19.6156,0
-28.6604,-4.62238,0
-31.4321,-1.11718,0
-28.3063,1.91975,0
13.5428,-12.0843,0
8.05729,-14.1733,0
13.3994,-9.33509,0
-29.4034,-0.563343,0
-29.1912,-1.66604,0
-27.6455,-1.07114,0
-28.2455,1.12367,0
-24.8521,5.07967,0
1.21622,-4.78741,0
14.0954,-1.80988,0
13.222,1.33777,0
-25.1175,20.5571,0
-26.673,22.2643,0
-27.1269,-10.7139,0
-29.2367,-14.6201,0
-26.1759,-14.3795,0
-17.2348,-10.352,0
-20.2123,-11.801,0
13.6718,-7.38753,0
11.7312,-8.79705,0
28.2769,1.89299,0
27.4219,2.93797,0
-27.9086,-7.46397,0
-30.4224,-13.546,0
-30.7631,-14.2516,0
-15.5447,-23.7284,0
-16.5512,-23.7844,0
6.92479,-17.48,0
6.37895,-18.9113,0
-31.4589,-18.2191,0
19.7156,-30.5896,0
-4.39022,-15.0403,0
-17.9632,-26.8866,0
-21.3377,9.2491,0
-21.7921,11.8049,0
-25.0278,6.94386,0
-24.9754,5.9496,0
-31.142,13.7756,0
-28.2526,11.68,0
0,0,0
-14.4545,-36.3284,0
-14.3403,-39.5669,0
-13.5913,-36.5333,0
-15.5462,-6.47888,0
-14.8694,-5.5789,0
-23.6459,-12.0449,0
-17.9206,14.9854,0
-20.8222,16.1247,0
-18.0572,15.9623,0
13.533,-17.376,0
-11.0918,-33.5039,0
-8.18756,-25.1681,0
-7.00687,-26.5753,0
-8.05109,-27.8923,0
0.636668,19.5078,0
-5.08676,19.3595,0
1.20044,17.4534,0
-11.5264,19.327,0
-11.5691,-1.46779,0
-28.0932,37.2792,0
-26.5446,37.4977,0
-28.7549,39.7073,0
-26.2456,36.5343,0
-7.97343,7.76672,0
-11.676,12.7916,0
-13.7626,-8.90692,0
-14.3357,-14.3312,0
-14.2904,-8.35836,0
-12.2226,-10.4591,0
-12.2972,-9.23857,0
-11.8073,-13.6221,0
-12.1373,-12.8835,0
-11.8546,-13.2929,0
-9.63281,-11.026,0
30.1107,-37.0336,0
29.5065,-36.6788,0
26.5759,-35.9229,0
27.9375,-36.4599,0
-12.9351,-15.9899,0
-9.60144,-18.9964,0
-5.17182,-17.5667,0
-14.3541,-19.0626,0
-13.1196,-16.6302,0
18.2319,31.1165,0
17.697,34.1087,0
17.8678,32.8531,0
17.865,32.4385,0
17.6337,34.5781,0
-1.37353,-36.5444,0
2.83821,-34.9372,0
3.58395,-37.7017,0
5.10363,-37.2487,0
5.31405,-39.403,0
15.6977,-12.1568,0
16.834,-12.5723,0
-31.8983,-25.0298,0
1.03383,-17.3091,0
4.16195,-16.9404,0
-3.87118,-17.3564,0
25.0813,9.54533,0
28.8022,7.04154,0
30.5049,6.798,0
31.8171,6.52305,0
24.9061,12.6388,0
23.3663,10.1408,0
24.055,11.0712,0
21.6178,10.3752,0
14.8354,18.0443,0
0.80826,-31.7474,0
-3.68003,-31.9295,0
-2.50223,-31.0306,0
2.1866,-32.4241,0
-1.85843,-33.9711,0
-17.5068,-33.2821,0
-16.3313,-36.6165,0
-16.011,-37.5163,0
-16.226,-35.3149,0
-21.6256,-27.0321,0
-19.6524,-29.4408,0
-20.1056,-28.7444,0
-22.6219,-29.9566,0
-22.453,-29.0122,0
-19.212,-29.9501,0
-23.8308,-29.0551,0
-28.6592,-15.7045,0
-27.1291,-23.4308,0
-29.0848,-21.137,0
-28.2682,-23.3877,0
-30.8633,-15.8242,0
-31.5083,-19.8632,0
-25.6569,-20.4989,0
-21.9771,31.8513,0
-17.1572,28.782,0
-23.1575,29.8173,0
21.7975,1.94714,0
-4.94946,33.6236,0
-30.7993,-26.0586,0
-24.9303,-28.2227,0
29.1118,21.7545,0
27.6255,15.597,0
28.6325,23.09,0
29.8239,20.2465,0
31.4576,19.5682,0
-14.5989,4.4875,0
-14.4073,1.72931,0
-14.2472,-2.06047,0
-10.3278,4.80818,0
-11.1801,-3.28567,0
-12.1035,0.897527,0
-11.6728,2.89092,0
-11.5533,1.61176,0
17.4292,34.0249,0
4.59471,29.0944,0
13.2616,29.3003,0
-4.15365,33.077,0
-3.98042,14.246,0
12.4157,18.4437,0
13.6851,17.3824,0
13.2835,19.5632,0
13.1034,13.8077,0
6.96521,19.3037,0
10.4005,21.6354,0
13.5106,16.6879,0
13.7525,19.219,0
11.1132,20.5668,0
13.4838,0.384855,0
13.5788,-5.72642,0
13.562,-4.025,0
13.5926,2.67189,0
12.4725,2.37443,0
13.3674,6.87294,0
13.6793,-3.99287,0
13.6827,0.4317,0
13.0212,0.240076,0
13.0927,-4.1203,0
12.9812,7.08651,0
13.4801,7.95927,0
12.7483,6.40604,0
14.0984,11.7645,0
13.5722,5.46082,0
13.2496,6.094,0
14.0364,6.5815,0
12.6191,12.9753,0
12.9402,7.15293,0
13.3554,8.6542,0
13.2892,8.20701,0
13.1913,14.2357,0
13.5753,8.585,0
13.7295,11.2691,0
13.1307,8.55315,0
13.8942,13.395,0
13.0448,8.17496,0
13.9083,12.3153,0
13.8201,9.42857,0
13.7287,12.8143,0
-13.5946,10.4299,0
-13.6795,7.38263,0
-13.7881,6.43618,0
-11.5697,9.32135,0
-9.49374,12.8079,0
-11.524,12.2853,0
-11.9491,9.45453,0
-10.9979,17.8904,0
-10.9306,21.1137,0
-11.7267,19.9195,0
-10.9812,18.8889,0
-1.91485,20.3991,0
0.558152,18.9907,0
-3.71316,19.6156,0
0.337969,20.6666,0
-11.0261,-0.514415,0
-11.3785,-4.35171,0
-28.6505,-4.59025,0
-31.4439,-1.11899,0
-28.3063,1.91975,0
13.6726,-14.1442,0
8.05729,-14.1733,0
13.6211,-6.76417,0
13.4972,-11.1981,0
13.5898,-13.066,0
13.5211,-8.64734,0
13.2787,-14.5188,0
-29.4418,-0.595798,0
-24.8356,4.82288,0
-29.1912,-1.66604,0
-27.6455,-1.07114,0
-28.2455,1.12367,0
1.29032,-4.77079,0
13.3143,-2.15914,0
13.2746,-2.30985,0
13.243,-0.145873,0
13.4833,-2.90206,0
14.3282,2.44648,0
12.8924,2.1335,0
13.3603,3.20043,0
13.6768,-4.9695,0
13.1172,2.18803,0
14.2936,-4.22866,0
13.8108,-4.54853,0
13.5164,19.1681,0
-25.1175,20.5571,0
-26.673,22.2643,0
-27.1269,-10.7139,0
-17.2348,-10.352,0
-20.2123,-11.801,0
-23.1559,-12.8042,0
13.7102,-8.92281,0
13.7012,-9.00732,0
13.5274,-8.38165,0
13.7588,-8.52942,0
14.0562,-7.82929,0
13.7074,-5.89365,0
13.3389,-5.20655,0
13.4789,-8.71428,0
14.083,-12.9408,0
27.4219,2.93797,0
-27.9243,-7.39829,0
-26.5833,-13.9246,0
-30.6193,-13.973,0
-25.8792,-14.7203,0
-15.8367,-23.9063,0
6.9451,-17.477,0
12.9058,-18.0732,0
14.4304,-15.083,0
13.0915,-15.4363,0
6.4087,-18.8419,0
7.57791,-16.839,0
13.721,-17.3708,0
13.4316,-17.2833,0
13.0845,-17.7441,0
13.3577,-15.1112,0
-31.3435,-18.211,0
-30.5797,-17.7357,0
-17.9632,-26.8866,0
-21.3337,9.2934,0
-17.915,14.2276,0
-21.7921,11.8049,0
-24.9956,7.06083,0
-24.946,6.03652,0
-31.142,13.7756,0
-28.2526,11.68,0
0,0,0
-14.3403,-39.5669,0
-14.8101,-7.82981,0
-15.5462,-6.47888,0
-14.8694,-5.5789,0
-23.2784,-12.6144,0
29.5438,-16.3994,0
-17.9178,14.6065,0
-20.8222,16.1247,0
13.5313,-17.4043,0
-11.0918,-33.5039,0
-8.18756,-25.1681,0
-7.00687,-26.5753,0
-8.05109,-27.8923,0
0.757756,19.4909,0
-5.1554,19.3297,0
1.21926,17.4365,0
-11.7101,19.3807,0
-11.5668,13.2633,0
-9.08238,18.9614,0
-28.0932,37.2792,0
-26.5446,37.4977,0
-28.7549,39.7073,0
-26.2456,36.5343,0
-11.558,-4.39762,0
-11.2242,8.44281,0
-7.97343,7.76672,0
-12.3229,9.21159,0
-12.6337,12.4761,0
-12.4506,-6.5251,0
-13.8949,-8.7683,0
-14.3357,-14.3312,0
25.63,-35.9876,0
30.1107,-37.0336,0
29.3589,-36.6711,0
26.5759,-35.9229,0
27.9375,-36.4599,0
-15.6074,-23.8467,0
-14.3765,-20.8029,0
-5.14074,-17.5578,0
-13.5225,-16.5166,0
-13.0088,-16.3014,0
-14.1923,-18.6498,0
17.9799,32.4426,0
-1.37353,-36.5444,0
2.83821,-34.9372,0
3.58395,-37.7017,0
5.10363,-37.2487,0
5.31405,-39.403,0
16.2129,-12.3333,0
-31.8983,-25.0298,0
1.07063,-17.2921,0
28.8022,7.04154,0
30.5049,6.798,0
31.8171,6.52305,0
24.9061,12.6388,0
23.3663,10.1408,0
24.055,11.0712,0
21.7886,10.3807,0
24.1243,24.666,0
0.80826,-31.7474,0
-3.68003,-31.9295,0
-2.50223,-31.0306,0
2.1866,-32.4241,0
17.4542,35.699,0
-17.8013,-33.4768,0
-16.1503,-37.6,0
-16.226,-35.3149,0
-16.1638,-36.4717,0
-19.8721,-25.3405,0
-17.5698,-24.9566,0
-21.6256,-27.0321,0
-19.6524,-29.4408,0
-20.1056,-28.7444,0
-16.719,-33.6224,0
-22.6219,-29.9566,0
-17.61,-31.6284,0
-22.453,-29.0122,0
-19.212,-29.9501,0
-23.8308,-29.0551,0
-28.6759,-15.6707,0
-27.1291,-23.4308,0
-29.0848,-21.137,0
-28.2682,-23.3877,0
-30.8633,-15.8242,0
-31.4912,-19.7751,0
-25.7274,-20.549,0
-21.9771,31.8513,0
-17.1572,28.782,0
-23.1575,29.8173,0
21.7975,1.94714,0
-4.94946,33.6236,0
-30.7993,-26.0586,0
27.7906,15.3238,0
28.6325,23.09,0
29.8239,20.2465,0
31.4576,19.5682,0
29.2386,21.5449,0
-14.5011,4.43887,0
-14.3111,-2.00881,0
-10.3278,4.80818,0
-11.4451,0.787906,0
4.59471,29.0944,0
13.2616,29.3003,0
-4.32974,33.0726,0
-3.44927,33.0943,0
-3.98042,14.246,0
12.3329,18.332,0
13.6743,17.3993,0
13.2938,19.5551,0
13.4069,1.28511,0
6.98258,19.2934,0
5.82283,19.4366,0
10.7925,21.0477,0
13.5882,18.7195,0
5.11934,18.8378,0
12.5644,2.37188,0
13.4237,10.5295,0
-13.6218,10.4714,0
-13.6795,7.38263,0
-13.7881,6.43618,0
-11.3535,9.81002,0
-10.8811,17.7524,0
-10.7762,21.4814,0
-0.0975412,20.9021,0
-1.15011,20.6206,0
-2.39947,20.1823,0
0.695889,19.7769,0
-0.767179,18.9805,0
-0.510003,20.1608,0
-3.71316,19.6156,0
-0.0251899,19.4394,0
0.152046,18.8106,0
-28.6553,-4.62189,0
-31.4439,-1.11899,0
-28.3063,1.91975,0
8.05729,-14.1733,0
-29.4418,-0.595798,0
-24.8917,4.97,0
-29.1912,-1.66604,0
-27.6455,-1.07114,0
-28.2455,1.12367,0
1.10201,-4.84627,0
1.47863,-4.69532,0
-17.5405,-24.1509,0
-17.2424,-23.1194,0
13.2168,-2.47826,0
13.1681,3.64601,0
-25.1175,20.5571,0
-26.673,22.2643,0
-27.1206,-10.71,0
-26.1458,-14.4043,0
-17.2348,-10.352,0
-17.2864,-12.3259,0
-20.0991,-11.7077,0
11.7312,-8.79705,0
29.2256,1.03965,0
28.2769,1.89299,0
27.4219,2.93797,0
-28.0145,-7.04258,0
-27.8041,-7.87257,0
-30.3387,-13.5028,0
-30.7053,-14.0452,0
-15.7619,-22.6746,0
-17.0429,-22.2984,0
-20.6993,-24.2867,0
-17.6516,-19.599,0
-15.4973,-18.672,0
6.92666,-17.472,0
6.37895,-18.9113,0
-31.3435,-18.211,0
19.7156,-30.5896,0
-4.39022,-15.0403,0
-17.9632,-26.8866,0
-21.3032,9.01005,0
-21.5791,10.9225,0
-21.7921,11.8049,0
-24.9852,7.05188,0
-24.9754,5.9496,0
-31.142,13.7756,0
-28.2526,11.68,0
0,0,0
-14.3403,-39.5669,0
-13.5913,-36.5333,0
-14.2877,-8.36503,0
-15.5462,-6.47888,0
-14.8694,-5.5789,0
-23.2015,-12.7282,0
29.5438,-16.3994,0
-17.9178,14.6065,0
-20.8222,16.1247,0
13.5339,-17.4034,0
-7.05235,-25.1044,0
-11.0918,-33.5039,0
-8.18756,-25.1681,0
-7.00687,-26.5753,0
-8.05109,-27.8923,0
0.580445,19.5181,0
-5.01469,19.3942,0
1.21926,17.4365,0
-11.4883,19.3928,0
-11.5648,13.9297,0
-6.54039,18.739,0
-28.0932,37.2792,0
-26.5446,37.4977,0
-28.7549,39.7073,0
-26.2456,36.5343,0
-11.5623,-3.99284,0
-12.4506,-6.5251,0
-13.9882,-14.6465,0
-11.6747,-9.83998,0
-12.848,-13.0219,0
-12.065,-7.0062,0
-12.2972,-9.23857,0
-11.0635,-8.05851,0
-9.6974,-11.0736,0
-11.3264,-7.73005,0
-12.0575,-8.92387,0
29.5065,-36.6788,0
26.5759,-35.9229,0
27.9375,-36.4599,0
-10.1677,-23.103,0
-14.1853,-20.9859,0
-15.6225,-23.8357,0
-11.2255,-15.6457,0
-9.5159,-19.0859,0
-5.14074,-17.5578,0
-11.1678,-15.7721,0
-14.2843,-18.8506,0
17.9647,32.5258,0
-1.37353,-36.5444,0
2.83821,-34.9372,0
3.58395,-37.7017,0
5.10363,-37.2487,0
5.31405,-39.403,0
16.0809,-12.2887,0
-25.9408,-30.5146,0
-31.8983,-25.0298,0
1.04956,-17.2915,0
3.82978,-17.0494,0
-0.629513,-17.0895,0
-0.136482,-17.6256,0
3.03557,-17.565,0
28.892,6.96037,0
31.8171,6.52305,0
25.0169,12.5366,0
24.0571,10.9248,0
21.6283,10.44,0
21.1616,10.3788,0
24.1243,24.666,0
0.80826,-31.7474,0
-3.68003,-31.9295,0
-2.50223,-31.0306,0
2.1866,-32.4241,0
-1.85843,-33.9711,0
-17.8013,-33.4768,0
-16.3313,-36.6165,0
-16.2615,-37.7552,0
-16.3869,-35.3552,0
-17.5698,-24.9566,0
-21.6256,-27.0321,0
-19.6524,-29.4408,0
-20.1056,-28.7444,0
-16.719,-33.6224,0
-22.6219,-29.9566,0
-17.61,-31.6284,0
-22.283,-29.0933,0
-19.212,-29.9501,0
-17.7056,-30.5733,0
-23.8308,-29.0551,0
-28.6891,-15.6288,0
-27.1291,-23.4308,0
-29.0848,-21.137,0
-28.2956,-23.4513,0
-30.8633,-15.8242,0
-31.5083,-19.8632,0
-25.7274,-20.549,0
-21.9771,31.8513,0
-17.1572,28.782,0
-23.1575,29.8173,0
21.7975,1.94714,0
-4.94946,33.6236,0
-30.7993,-26.0586,0
-24.9303,-28.2227,0
27.7906,15.3238,0
28.6325,23.09,0
29.8239,20.2465,0
31.4576,19.5682,0
29.2386,21.5449,0
-14.5605,4.45679,0
-14.4073,1.72931,0
-14.2472,-2.06047,0
-10.3863,4.74747,0
-11.8909,-1.35702,0
-11.6392,0.394738,0
-11.4745,-4.29072,0
4.59471,29.0944,0
13.2616,29.3003,0
-4.15365,33.077,0
-3.98042,14.246,0
13.2896,19.5198,0
13.6693,17.4248,0
13.1736,13.7565,0
6.96521,19.3037,0
10.3426,21.6629,0
11.1132,20.5668,0
5.11934,18.8378,0
13.4342,1.37911,0
13.7974,6.44333,0
-13.5513,10.3675,0
-13.9036,10.8874,0
-13.7452,6.39706,0
-11.9477,5.32821,0
-11.8144,10.0406,0
-11.7956,11.008,0
-11.8985,9.39388,0
-11.9563,10.4547,0
-11.6185,16.6942,0
-0.0507122,21.1443,0
1.32299,18.1175,0
-28.6551,-4.60458,0
-31.4439,-1.11899,0
-28.3063,1.91975,0
13.5472,-12.1065,0
8.05729,-14.1733,0
-29.4418,-0.595798,0
-24.8917,4.97,0
-29.1912,-1.66604,0
-27.6455,-1.07114,0
-28.2455,1.12367,0
1.29032,-4.77079,0
-17.4932,-24.1163,0
-17.2424,-23.1194,0
14.3481,2.48192,0
13.9316,2.10519,0
-25.1175,20.5571,0
-26.673,22.2643,0
-27.1269,-10.7139,0
-26.1593,-14.4587,0
-17.2348,-10.352,0
-20.2123,-11.801,0
-17.2864,-12.3259,0
-21.8364,-13.9169,0
13.5548,-9.62932,0
14.0416,-9.27836,0
13.8299,-10.7978,0
13.2973,-6.80629,0
11.7312,-8.79705,0
13.5834,-5.86596,0
29.2256,1.03965,0
28.2769,1.89299,0
27.4219,2.93797,0
-28.0145,-7.04258,0
-27.8041,-7.87257,0
-30.6193,-13.973,0
-17.7458,-22.8515,0
-17.3009,-19.5996,0
-15.7619,-22.6746,0
-17.0429,-22.2984,0
-20.6993,-24.2867,0
-15.4973,-18.672,0
-16.9734,-15.3427,0
6.94707,-17.4698,0
6.4087,-18.8419,0
-30.5797,-17.7357,0
-31.3435,-18.211,0
19.7156,-30.5896,0
-4.39022,-15.0403,0
2.86623,-16.9156,0
-17.9632,-26.8866,0
-21.1818,8.42526,0
-21.5381,10.3083,0
-21.7921,11.8049,0
-24.9852,7.05188,0
-24.9754,5.9496,0
-26.9349,10.4166,0
-31.142,13.7756,0
-28.2526,11.68,0
0,0,0
-14.3403,-39.5669,0
-13.5913,-36.5333,0
-15.5462,-6.47888,0
-14.8694,-5.5789,0
-23.6459,-12.0449,0
29.5438,-16.3994,0
-17.9206,14.9854,0
-20.8222,16.1247,0
-18.0572,15.9623,0
13.5442,-17.3968,0
-7.05235,-25.1044,0
-8.18756,-25.1681,0
-7.00687,-26.5753,0
-8.05109,-27.8923,0
0.634252,19.5006,0
-5.04005,19.3721,0
1.22922,17.3978,0
-11.6829,19.3634,0
-11.6308,13.9131,0
-10.79,15.5842,0
-11.7488,19.1424,0
-6.89491,18.56,0
-26.3975,37.9792,0
-26.5301,37.539,0
-28.0334,37.5328,0
-26.2456,36.5343,0
-11.5119,1.43406,0
-12.9201,13.4947,0
-11.6286,7.76205,0
-11.6513,-13.4531,0
-13.7626,-8.90692,0
-14.3357,-14.3312,0
-12.848,-13.0219,0
-14.2904,-8.35836,0
-12.1298,-10.5929,0
-10.2825,-6.70494,0
-12.1547,-13.8058,0
25.63,-35.9876,0
29.2194,-36.6898,0
26.5759,-35.9229,0
-9.25329,-22.5716,0
-14.3132,-20.9028,0
-15.7462,-23.8498,0
-13.2152,-15.4329,0
-5.14056,-17.5592,0
-7.491,-24.5891,0
-14.3541,-19.0626,0
18.2345,31.0453,0
17.8072,33.6538,0
18.0435,32.1525,0
-1.37353,-36.5444,0
2.83821,-34.9372,0
3.58395,-37.7017,0
5.10363,-37.2487,0
5.31405,-39.403,0
15.9793,-12.2612,0
15.6314,-12.1178,0
16.8337,-12.576,0
-25.9408,-30.5146,0
-31.8857,-25.0102,0
1.02024,-17.317,0
3.5414,-17.0961,0
1.52646,-15.3291,0
4.34468,-17.0091,0
-0.920733,-17.2875,0
2.88033,-17.6235,0
2.04201,-16.854,0
25.0813,9.54533,0
28.8022,7.04154,0
30.5049,6.798,0
31.8171,6.52305,0
23.1633,10.0991,0
21.5668,10.3836,0
14.8354,18.0443,0
24.1243,24.666,0
-1.85843,-33.9711,0
0.80826,-31.7474,0
-2.50223,-31.0306,0
-3.68003,-31.9295,0
2.1866,-32.4241,0
17.4245,34.958,0
17.4542,35.699,0
-18.1829,-34.599,0
-16.1503,-37.6,0
-16.0838,-35.3165,0
-16.1638,-36.4717,0
-17.5698,-24.9566,0
-21.6256,-27.0321,0
-17.7264,-33.2083,0
-19.6524,-29.4408,0
-20.1056,-28.7444,0
-16.8153,-33.4507,0
-22.6219,-29.9566,0
-17.6569,-31.4614,0
-22.453,-29.0122,0
-19.212,-29.9501,0
-17.7056,-30.5733,0
-16.5259,-33.8405,0
-28.6606,-15.7524,0
-27.0855,-23.2956,0
-27.1682,-23.6311,0
-29.095,-21.16,0
-28.2875,-23.3629,0
-30.8643,-15.8311,0
-31.5083,-19.8632,0
-21.9771,31.8513,0
-17.1572,28.782,0
-23.1575,29.8173,0
-4.85776,33.6351,0
-5.39221,33.5779,0
-24.9303,-28.2227,0
29.1118,21.7545,0
28.6325,23.09,0
29.8239,20.2465,0
-14.0927,4.16936,0
-14.715,-1.59082,0
-13.6487,-2.60269,0
-14.2169,-2.07359,0
-10.3863,4.74747,0
-11.9783,-2.07509,0
-11.6969,0.349429,0
-8.16063,1.55631,0
-10.9488,0.802662,0
-11.2247,0.398389,0
-9.64902,1.00587,0
-12.8754,1.66481,0
-12.4241,0.59885,0
-11.3272,4.69305,0
-15.3597,-1.15515,0
17.4292,34.0249,0
5.28048,28.9113,0
13.2616,29.3003,0
-4.19018,33.0771,0
4.40651,29.09,0
3.71867,29.2418,0
-3.82552,14.2757,0
12.2986,18.3941,0
13.6189,17.4941,0
13.7374,17.3009,0
13.2775,19.5831,0
13.3646,18.6982,0
13.1505,13.8941,0
7.00152,19.2851,0
5.82283,19.4366,0
10.9549,20.7561,0
9.88813,22.0084,0
13.8285,19.2834,0
13.3402,19.2969,0
11.4442,20.1203,0
7.7445,19.1372,0
14.0512,18.2569,0
12.7554,19.4361,0
13.4578,0.438283,0
12.8425,1.94375,0
13.983,0.14328,0
13.2739,8.79084,0
12.6075,6.69239,0
13.9655,6.42403,0
13.0571,6.1932,0
13.9329,12.9192,0
13.7015,13.5777,0
13.1423,5.84046,0
13.6781,4.97789,0
13.4334,12.3237,0
14.1281,7.95841,0
13.1656,14.4301,0
13.5287,14.2868,0
13.6232,9.02405,0
12.3427,8.49282,0
12.047,9.05696,0
13.7912,7.24556,0
12.9732,8.62202,0
11.5034,14.5368,0
12.6813,11.7638,0
13.6826,10.0208,0
13.7867,9.02309,0
13.9403,12.7128,0
13.7329,12.8539,0
13.8519,12.4449,0
13.5422,7.38613,0
14.2743,11.6904,0
-13.545,10.3567,0
-13.6795,7.38263,0
-12.0839,5.55599,0
-8.95121,13.0805,0
-9.55914,12.4555,0
-11.6625,13.7367,0
-12.2063,8.66334,0
-10.4239,12.4802,0
-12.155,13.341,0
-12.7195,12.5394,0
-12.4259,14.8761,0
-11.1972,10.2745,0
-9.19057,13.1034,0
-9.5496,12.8837,0
-11.5641,16.5172,0
-10.7191,21.6486,0
-10.7626,21.5965,0
-8.8797,18.8825,0
-12.0389,19.3163,0
-8.61352,19.2209,0
-11.6058,16.661,0
-0.358022,21.0469,0
-0.233328,20.4837,0
-3.71316,19.6156,0
-2.53227,20.2303,0
-3.0356,20.0238,0
0.605169,19.0199,0
-8.97951,-4.58369,0
-28.6523,-4.59182,0
-31.471,-1.11256,0
-28.3063,1.91975,0
13.6272,-14.168,0
7.88993,-14.2354,0
13.5075,-11.2099,0
-29.4029,-0.566795,0
-24.8917,4.97,0
-29.191,-1.66345,0
-27.6455,-1.07114,0
-28.2817,1.18505,0
-15.6194,4.89487,0
1.29032,-4.77079,0
-17.6502,-24.2191,0
-17.2424,-23.1194,0
13.0056,4.38423,0
13.6362,2.93602,0
14.3481,2.48192,0
13.7351,1.45551,0
12.8734,1.36321,0
13.5559,-1.35777,0
13.8032,-2.27971,0
13.4278,0.811361,0
13.3648,1.36572,0
13.9269,1.08808,0
-25.1477,20.6388,0
-26.673,22.2643,0
-27.1212,-10.7103,0
-29.2367,-14.6201,0
-17.2348,-10.352,0
-20.2123,-11.801,0
-22.9458,-13.1216,0
11.8512,-8.88285,0
29.2256,1.03965,0
28.2769,1.89299,0
-27.936,-7.35631,0
-26.5833,-13.9246,0
-30.7068,-14.0356,0
-25.8131,-14.7824,0
-17.7458,-22.8515,0
-17.4651,-19.5584,0
-15.7619,-22.6746,0
-17.0429,-22.2984,0
-20.6993,-24.2867,0
-15.4973,-18.672,0
6.95669,-17.4821,0
13.3085,-17.0596,0
12.4959,-17.4464,0
6.05779,-17.3639,0
13.672,-17.3121,0
-30.5797,-17.7357,0
-25.8672,-20.8218,0
-31.2392,-18.2089,0
-25.9305,-15.1171,0
19.7156,-30.5896,0
-4.39022,-15.0403,0
-17.9632,-26.8866,0
-21.2497,8.88219,0
-17.915,14.2276,0
-24.9852,7.05188,0
-31.142,13.7756,0
-28.2526,11.68,0
